class,pairs,feature1,feature2,feature3,feature4,feature5,feature6,feature7,feature8,feature9,feature10,feature11,feature12,feature13,feature14,feature15,feature16,feature17
1,qid:1501,0,0,0,0,1,2,0,0,0,0,3,9,1,3,0,1.3,2
0,qid:1501,0,0,0,0,3,1,0,0,0,0,7,13,1,4,1,1,1
0,qid:1502,0,0,0,0,0,2,0,0,1,0,3,11,5,4,0,2,3
1,qid:1502,0,0,0,0,0,2,0,0,0,0,4,8,2,3,0,1.7,2
1,qid:1503,0,0,0,2,0,2,0,0,0,1,1,6,0,3,1,1.3,2
0,qid:1503,0,0,0,1,1,3,0,0,0,2,4,12,1,7,1,2.7,4
0,qid:1504,0,0,0,0,2,2,0,0,0,0,3,9,1,4,0,1.8,3
1,qid:1504,0,0,0,1,0,3,0,1,0,1,3,11,2,4,2,2.5,4
0,qid:1505,0,0,0,1,0,4,0,0,0,0,7,13,1,4,1,2.3,3
1,qid:1505,0,0,0,0,0,5,0,1,0,0,4,11,1,4,1,2,2
0,qid:1506,1,0,0,0,0,1,0,0,1,0,2,7,2,2,1,1,1
1,qid:1506,0,0,0,0,0,0,0,0,0,0,2,5,3,1,1,1,1
1,qid:1507,0,0,0,0,1,2,0,0,0,0,4,8,1,2,1,1.5,2
0,qid:1507,2,0,0,0,1,1,0,0,1,0,6,16,3,6,1,1.7,2
1,qid:1508,0,0,1,1,1,1,0,0,0,0,7,14,3,5,2,1.8,3
0,qid:1508,1,1,0,2,0,3,0,1,1,1,4,19,2,7,2,2.1,2
1,qid:1509,0,0,0,0,1,4,0,0,0,0,6,13,2,6,1,2.5,3
0,qid:1509,0,0,1,0,1,2,0,0,0,0,4,9,1,3,1,1.3,2
1,qid:1510,0,0,0,0,0,2,0,0,0,0,5,10,2,4,0,1.8,2
0,qid:1510,0,0,1,1,1,3,0,0,0,1,6,15,1,7,3,2.9,4
1,qid:1511,0,0,0,1,0,1,0,0,1,0,2,7,2,3,1,1.7,2
0,qid:1511,1,0,0,0,2,1,0,0,0,0,3,9,2,2,2,1.5,2
1,qid:1512,0,0,0,1,0,4,0,0,0,0,5,11,1,4,1,1.8,3
0,qid:1512,0,0,2,1,0,1,0,0,0,0,6,16,5,4,1,2,3
0,qid:1513,0,0,0,0,0,1,0,0,0,0,4,8,2,3,1,1.7,2
1,qid:1513,0,0,0,0,0,1,0,0,0,1,3,6,1,1,1,1,1
0,qid:1514,0,0,0,1,0,4,0,0,0,2,4,13,2,6,2,1.7,3
1,qid:1514,0,0,1,0,1,0,0,0,0,1,4,9,2,6,1,2,2
0,qid:1515,1,0,0,0,0,2,0,0,1,0,4,10,2,5,1,1.4,2
1,qid:1515,0,0,0,0,0,4,0,0,0,1,4,11,2,5,2,2,3
1,qid:1516,0,0,0,0,2,5,0,0,0,2,5,15,1,4,2,1.3,2
0,qid:1516,1,0,1,2,1,4,0,0,0,3,7,19,0,7,4,1.6,3
1,qid:1517,0,0,0,0,0,2,0,0,0,0,4,7,1,2,1,1.5,2
0,qid:1517,2,0,0,0,0,4,0,1,0,0,6,13,0,6,2,2.2,3
1,qid:1518,1,0,0,1,0,3,0,0,0,0,4,11,1,3,1,1.7,2
0,qid:1518,0,0,0,0,0,6,0,0,1,1,3,14,0,8,2,2.1,3
1,qid:1519,0,0,0,0,0,6,0,0,0,1,5,14,1,4,2,2,3
0,qid:1519,0,0,1,0,0,1,0,0,1,0,3,9,3,4,1,1.5,2
1,qid:1520,0,0,0,2,0,4,0,0,0,1,3,10,0,6,1,2.7,3
0,qid:1520,1,0,0,1,2,3,0,1,0,2,4,15,1,9,2,2.3,4
1,qid:1521,0,0,0,0,0,1,0,0,0,0,3,7,2,3,1,2,3
0,qid:1521,0,0,0,0,0,4,0,0,0,1,5,11,1,4,1,2.3,3
1,qid:1522,0,0,1,0,0,2,0,0,0,0,4,9,2,4,1,2,2
0,qid:1522,1,0,0,1,0,3,0,0,0,1,3,10,0,7,1,2.3,2
1,qid:1523,0,0,0,0,0,1,0,0,0,0,4,8,3,3,0,1.7,2
0,qid:1523,1,0,0,1,0,8,0,0,0,2,6,20,2,9,1,2.2,2
1,qid:1524,0,0,0,0,1,3,0,0,0,1,3,10,2,4,2,2,3
0,qid:1524,1,0,0,0,0,5,0,0,2,1,7,19,3,7,3,1.9,3
1,qid:1525,0,0,0,0,0,0,0,0,0,1,1,4,2,1,1,1,1
0,qid:1525,0,0,0,0,1,4,0,0,0,0,4,13,1,5,1,2.4,3
1,qid:1526,0,0,0,0,0,1,0,0,0,2,2,7,2,3,0,1.3,2
0,qid:1526,0,0,0,0,2,2,0,0,0,0,3,8,1,3,2,1.3,2
1,qid:1527,2,1,1,2,0,2,0,0,0,2,5,16,1,10,4,1.8,2
0,qid:1527,0,0,0,0,0,2,0,0,0,0,3,7,2,3,1,1.7,2
1,qid:1528,0,0,0,0,0,3,0,0,0,1,3,8,1,3,1,1.7,2
0,qid:1528,0,0,0,0,2,3,0,0,0,0,6,14,2,6,3,2,2
1,qid:1529,0,0,0,0,0,2,0,0,0,1,2,6,1,3,1,1.7,2
0,qid:1529,0,0,0,0,0,4,0,0,1,0,2,8,1,4,0,1.8,3
1,qid:1530,0,0,0,1,1,3,0,0,0,1,4,11,1,4,1,2,3
0,qid:1530,0,0,0,1,0,4,0,1,0,1,3,11,1,4,1,1.8,3
0,qid:1531,0,0,0,0,1,4,0,0,0,0,6,12,1,4,2,1.3,2
1,qid:1531,0,0,0,0,2,1,0,0,0,0,2,7,1,3,0,1.3,2
1,qid:1532,0,0,0,0,2,2,0,0,0,1,3,9,1,3,2,1.3,2
0,qid:1532,0,0,1,0,0,1,0,0,0,1,6,11,0,3,2,1.3,2
0,qid:1533,0,1,0,0,2,3,0,0,0,0,7,15,2,7,1,1.9,2
1,qid:1533,0,0,0,0,2,2,0,0,0,0,4,9,1,4,1,2.3,3
1,qid:1534,0,0,0,0,1,3,0,0,0,0,5,10,1,4,2,1.8,2
0,qid:1534,0,0,0,0,0,2,0,0,0,0,4,9,3,4,1,1.5,2
0,qid:1535,1,0,0,0,0,1,0,0,0,1,3,7,1,2,0,1,1
1,qid:1535,0,0,0,2,0,2,0,0,0,1,1,6,0,3,1,1.3,2
1,qid:1536,0,0,0,0,0,3,0,0,0,0,4,8,1,3,0,1.7,2
0,qid:1536,1,0,0,1,0,3,0,0,0,0,2,7,0,1,0,1,1
0,qid:1537,0,0,0,1,0,3,0,0,0,0,4,9,1,4,1,1.5,2
1,qid:1537,0,0,1,0,1,2,0,0,0,1,6,14,3,6,1,2.5,4
0,qid:1538,0,1,0,0,0,2,0,0,0,1,3,9,2,2,1,1,1
1,qid:1538,0,0,0,1,0,2,0,0,0,1,4,9,1,3,2,1.7,2
1,qid:1539,0,0,0,0,1,1,0,0,1,0,1,5,1,2,1,1.5,2
0,qid:1539,0,1,0,0,0,2,0,0,0,1,3,8,1,4,1,2,3
1,qid:1540,0,0,1,0,1,1,0,0,0,0,5,9,1,3,1,1.3,2
0,qid:1540,0,0,0,0,1,3,0,0,0,1,3,10,2,5,2,2.2,4
1,qid:1541,0,0,0,0,0,1,0,0,0,0,3,5,1,1,1,1,1
0,qid:1541,0,0,0,0,2,3,0,0,1,0,3,9,0,3,1,2,3
0,qid:1542,0,1,0,0,1,1,0,1,0,0,4,10,2,4,1,1.8,2
1,qid:1542,0,0,1,0,0,1,0,0,0,0,3,8,3,2,1,1.5,2
1,qid:1543,0,0,0,2,0,1,0,0,0,0,4,8,1,1,1,1,1
0,qid:1543,0,0,0,1,1,1,0,0,0,0,4,8,1,3,1,2,3
1,qid:1544,0,0,0,1,0,2,0,0,0,1,2,7,1,2,2,1,1
0,qid:1544,0,1,0,0,0,1,0,0,0,0,7,13,3,5,2,1.8,3
0,qid:1545,0,0,1,1,1,1,0,0,0,0,3,8,1,3,3,1,1
1,qid:1545,0,0,0,1,0,1,0,0,0,0,4,8,2,3,1,1.3,2
1,qid:1546,1,0,0,0,2,3,0,0,0,0,8,16,2,6,1,2,4
0,qid:1546,0,0,0,0,1,3,0,0,0,1,5,13,3,7,2,2,2
0,qid:1547,0,0,0,0,0,4,0,0,0,0,3,9,2,5,2,1.6,2
1,qid:1547,0,0,0,0,0,3,0,0,0,0,4,8,1,3,1,1.3,2
0,qid:1548,1,0,1,0,0,3,0,0,0,1,6,13,1,5,2,2,3
1,qid:1548,0,0,0,0,0,4,0,0,0,1,4,13,4,4,1,1.8,3
1,qid:1549,0,0,0,0,0,1,0,0,0,0,5,8,1,2,1,1.5,2
0,qid:1549,0,0,0,0,0,4,0,0,0,0,4,9,1,4,1,2,3
1,qid:1550,0,0,1,2,0,3,0,0,0,0,5,11,0,5,1,1.6,2
0,qid:1550,0,0,1,0,1,5,0,0,0,1,6,15,1,9,2,1.6,3
1,qid:1551,0,0,1,1,0,1,0,0,0,0,5,10,1,4,1,1.3,2
0,qid:1551,3,0,2,1,0,4,0,0,0,1,6,20,2,10,2,2,4
0,qid:1552,0,0,0,0,0,2,0,0,0,0,3,6,1,3,1,1.3,2
1,qid:1552,0,0,0,0,0,1,0,0,0,0,3,6,2,2,0,1,1
0,qid:1553,1,0,0,0,0,1,0,0,0,1,2,6,1,2,1,1.5,2
1,qid:1553,0,0,0,0,1,1,0,0,0,0,3,6,1,2,0,1.5,2
0,qid:1554,0,1,0,0,0,6,0,1,0,0,4,12,0,5,1,1.2,2
1,qid:1554,0,0,0,0,2,4,0,0,0,0,5,12,1,6,1,2.3,3
0,qid:1555,0,1,0,0,1,5,0,0,0,1,6,14,0,6,3,2.3,4
1,qid:1555,0,0,0,0,1,2,0,0,0,0,5,10,1,4,1,2.3,3
0,qid:1556,0,0,0,0,1,4,0,0,0,1,6,13,1,5,1,1.8,3
1,qid:1556,1,0,0,0,1,2,0,0,0,1,3,9,1,3,1,2,3
1,qid:1557,0,0,0,1,0,1,0,0,0,0,4,9,1,3,0,1.7,2
0,qid:1557,0,0,1,0,2,0,0,2,1,1,3,14,2,6,1,3,4
0,qid:1558,1,1,0,0,0,1,0,0,0,0,6,11,1,4,2,1.3,2
1,qid:1558,0,0,0,2,1,1,0,0,1,0,3,9,1,4,1,1.5,2
1,qid:1559,0,0,1,0,0,3,0,0,1,0,4,10,1,3,1,1.7,2
0,qid:1559,4,0,0,0,1,4,0,0,0,0,4,15,2,7,1,2.6,3
1,qid:1560,0,0,0,0,1,1,0,0,0,1,1,5,1,3,1,1.7,2
0,qid:1560,0,0,0,1,1,4,0,0,1,1,4,13,1,6,3,1,1
0,qid:1561,2,1,0,0,2,4,0,0,1,1,3,14,0,5,2,1.4,2
1,qid:1561,0,2,1,1,5,0,0,0,0,0,6,16,1,7,2,2.6,5
0,qid:1562,0,0,0,2,0,2,0,0,0,0,5,11,2,4,1,1,1
1,qid:1562,0,0,1,0,0,1,0,0,0,0,2,5,1,2,1,1.5,2
0,qid:1563,0,0,0,0,1,3,0,0,0,0,5,10,1,3,1,1.3,2
1,qid:1563,0,0,0,0,1,3,0,0,0,0,3,8,1,4,1,1.8,3
1,qid:1564,0,0,0,0,1,3,0,0,0,0,3,8,1,4,2,1.5,2
0,qid:1564,0,0,2,2,0,2,0,0,0,0,4,10,0,4,1,2.3,3
0,qid:1565,0,0,0,1,1,4,0,0,0,0,7,15,2,7,2,1.9,3
1,qid:1565,0,0,0,0,0,2,0,0,0,0,4,9,3,2,1,1.5,2
1,qid:1566,0,0,0,0,0,3,0,0,0,0,3,7,1,3,1,2,3
0,qid:1566,0,0,0,0,0,2,0,1,0,0,2,7,2,3,0,1.3,2
0,qid:1567,0,1,0,0,0,3,0,0,0,1,4,11,1,4,1,1.5,2
1,qid:1567,0,0,0,1,0,3,0,0,1,0,2,9,2,3,1,2,3
0,qid:1568,0,0,3,0,1,2,0,0,1,0,3,12,2,5,2,1.8,2
1,qid:1568,0,0,0,2,0,3,0,0,0,0,4,12,2,3,0,1.7,2
0,qid:1569,0,0,1,1,0,2,0,0,0,0,4,10,2,4,2,1.3,2
1,qid:1569,0,0,0,0,1,5,0,0,0,0,5,14,3,8,3,2,3
0,qid:1570,0,0,0,1,0,3,0,0,2,0,4,11,1,4,1,1.3,2
1,qid:1570,0,0,0,0,1,3,0,0,0,1,4,12,3,4,2,1.3,2
1,qid:1571,0,0,0,0,0,3,0,0,0,0,4,9,2,4,1,2,3
0,qid:1571,1,0,1,0,1,1,0,0,0,1,5,13,2,5,1,1.6,2
0,qid:1572,0,0,0,0,1,2,0,0,0,1,4,9,1,3,1,2,3
1,qid:1572,0,0,1,1,0,2,0,0,0,0,3,8,1,4,1,1.5,2
1,qid:1573,0,0,0,0,0,3,0,0,0,1,2,7,1,2,2,1,1
0,qid:1573,0,1,1,1,0,4,0,0,0,1,4,13,0,5,2,1.4,2
1,qid:1574,0,0,0,2,0,0,0,0,0,1,2,6,1,4,1,1.8,2
0,qid:1574,0,0,0,0,0,3,0,0,0,1,4,10,1,3,1,2,3
1,qid:1575,0,0,0,0,0,3,0,0,0,0,4,8,1,3,1,2,3
0,qid:1575,0,0,0,1,0,1,1,0,0,0,2,7,2,3,0,1.3,2
1,qid:1576,0,0,0,0,0,4,0,0,0,0,5,12,2,5,1,2.4,4
0,qid:1576,0,0,0,0,3,0,0,0,1,0,3,7,0,1,1,1,1
1,qid:1577,0,0,0,0,0,2,0,0,0,1,3,7,1,2,1,1.5,2
0,qid:1577,0,0,0,0,2,4,0,0,0,1,4,13,2,6,2,1.7,3
0,qid:1578,0,0,0,2,0,0,0,0,0,0,4,8,2,3,1,1.7,2
1,qid:1578,0,0,0,1,1,2,0,0,0,0,4,9,1,2,1,1.5,2
1,qid:1579,0,0,0,0,0,3,0,0,0,1,2,7,1,3,1,2,3
0,qid:1579,0,0,1,0,0,4,0,0,0,1,4,12,2,3,1,2,3
1,qid:1580,0,0,0,1,1,2,0,0,0,1,4,10,1,4,1,1.3,2
0,qid:1580,1,2,0,1,2,5,0,0,1,1,7,20,0,9,2,2.1,3
0,qid:1581,0,0,1,0,0,7,0,0,1,2,5,16,0,7,2,2,3
1,qid:1581,1,0,1,0,1,2,0,0,0,0,6,13,2,4,1,1.8,2
0,qid:1582,0,0,1,1,0,2,0,0,1,0,2,9,2,3,0,1.3,2
1,qid:1582,0,0,0,0,0,4,0,0,0,0,3,9,2,3,1,1.7,2
1,qid:1583,1,0,0,0,0,1,0,0,0,1,2,6,1,2,0,1.5,2
0,qid:1583,0,0,1,1,3,2,0,0,1,0,7,17,2,8,2,1.9,3
0,qid:1584,1,0,0,0,1,4,0,0,0,1,7,16,1,7,2,2.1,3
1,qid:1584,0,0,0,0,1,2,0,0,0,0,4,8,1,3,1,1.7,2
1,qid:1585,1,0,0,1,0,1,0,0,1,1,2,8,1,4,1,1.5,2
0,qid:1585,2,0,0,0,0,1,0,0,0,1,5,12,3,6,1,2.3,4
1,qid:1586,0,0,1,0,0,0,0,0,0,0,2,5,2,2,1,1.5,2
0,qid:1586,0,0,0,0,0,4,0,0,0,0,4,9,1,4,1,1.8,2
1,qid:1587,1,0,0,1,0,4,0,0,0,0,5,12,1,5,2,2.2,2
0,qid:1587,1,0,0,0,2,2,0,0,0,0,6,13,2,5,1,1.8,3
1,qid:1588,0,0,0,0,2,1,0,0,0,1,4,9,1,4,2,1.8,2
0,qid:1588,0,0,0,1,0,3,0,0,0,1,4,11,2,4,2,2,3
0,qid:1589,0,0,0,5,0,0,0,1,0,2,4,14,2,7,3,1.6,3
1,qid:1589,0,0,1,1,0,3,0,0,0,0,7,13,1,4,2,1.3,2
1,qid:1590,1,0,0,0,2,1,0,0,0,3,2,11,2,4,2,1.5,2
0,qid:1590,0,0,0,1,1,3,0,0,0,1,9,18,3,6,1,1.7,3
1,qid:1591,0,0,1,1,0,3,0,0,0,0,5,11,1,3,1,2,3
0,qid:1591,0,0,0,1,0,4,0,0,0,0,6,12,1,6,1,2.5,4
0,qid:1592,0,0,0,1,0,2,0,0,0,0,3,7,1,2,2,1,1
1,qid:1592,0,0,0,1,1,1,0,0,0,0,5,10,2,4,2,1.8,2
0,qid:1593,0,1,1,0,1,8,0,0,0,1,6,20,2,10,3,2.4,3
1,qid:1593,0,0,0,1,0,4,0,0,0,0,4,10,1,5,1,2.2,3
0,qid:1594,2,1,0,0,0,2,0,0,0,1,3,10,1,3,3,1.3,2
1,qid:1594,0,0,0,0,0,3,0,0,0,1,2,7,1,2,0,1.5,2
1,qid:1595,0,0,0,0,1,1,0,0,0,0,3,6,1,2,0,1,1
0,qid:1595,1,0,0,0,0,3,0,1,1,0,5,12,1,5,1,1.4,2
1,qid:1596,0,0,1,0,0,4,0,0,0,1,6,13,1,6,3,1.5,3
0,qid:1596,0,1,0,1,1,6,0,0,0,1,5,15,0,8,3,1.9,3
1,qid:1597,0,0,0,0,1,1,0,0,0,0,2,6,2,2,1,1.5,2
0,qid:1597,1,0,0,0,1,3,0,0,0,0,4,10,1,3,1,1.3,2
1,qid:1598,0,0,0,0,1,3,0,0,0,0,2,7,1,4,1,2.3,3
0,qid:1598,1,0,1,0,2,3,0,1,0,0,5,21,2,7,1,1.9,2
1,qid:1599,1,0,0,1,1,2,0,0,0,0,5,11,1,4,2,1.8,3
0,qid:1599,1,0,0,3,0,1,0,0,0,0,5,10,0,4,1,1.8,3
0,qid:1600,0,0,0,0,0,3,0,0,0,0,3,8,1,3,1,1.7,2
1,qid:1600,0,0,0,0,0,5,0,0,0,0,4,13,1,4,1,1.5,2
1,qid:1601,0,0,1,0,1,4,0,0,0,0,7,15,2,8,2,2.1,2
0,qid:1601,0,1,0,1,1,5,0,0,0,1,11,25,3,10,3,1.9,2
0,qid:1602,2,0,0,0,0,2,0,0,0,1,4,10,1,4,1,1.8,3
1,qid:1602,0,0,0,0,1,1,0,0,0,0,1,5,2,3,1,1.3,2
1,qid:1603,0,1,0,0,1,4,0,0,0,0,5,12,1,6,2,2.2,3
0,qid:1603,0,0,0,0,1,8,0,0,0,0,10,23,4,11,1,2.3,3
0,qid:1604,0,0,0,1,0,6,0,0,0,1,6,17,3,6,2,2.3,3
1,qid:1604,0,0,0,0,0,3,0,0,0,0,4,8,1,3,2,1.7,2
1,qid:1605,0,0,0,2,0,1,0,0,0,0,4,9,2,3,2,1.7,2
0,qid:1605,1,1,0,0,0,0,0,0,0,0,3,7,2,3,0,2,3
0,qid:1606,0,0,0,1,1,3,1,0,0,0,5,12,1,5,2,1.6,3
1,qid:1606,0,0,0,0,1,4,0,0,0,0,3,9,1,4,1,1.5,2
1,qid:1607,0,0,0,1,0,0,0,0,0,0,4,8,3,3,1,1.7,2
0,qid:1607,0,0,0,0,2,4,0,0,0,0,4,11,1,4,1,1.8,3
0,qid:1608,0,0,0,0,1,1,0,0,0,2,2,7,1,2,1,1,1
1,qid:1608,0,0,0,0,0,3,0,0,0,0,5,9,1,3,1,2,3
0,qid:1609,0,0,0,1,0,1,0,0,0,0,4,9,3,4,1,1.8,3
1,qid:1609,0,0,0,0,0,5,0,0,0,0,4,10,1,5,1,2,3
1,qid:1610,0,0,0,1,0,2,0,0,0,1,2,6,0,2,1,1.5,2
0,qid:1610,0,0,1,0,2,4,0,1,0,1,6,16,1,5,1,2.4,3
0,qid:1611,1,0,0,0,1,3,0,0,0,0,5,11,1,4,1,1.5,2
1,qid:1611,0,0,0,0,1,3,0,0,0,0,5,12,2,5,2,1.4,2
0,qid:1612,0,0,1,0,0,0,0,0,0,0,5,10,2,3,1,1.7,2
1,qid:1612,0,0,0,0,0,2,0,0,0,0,3,7,2,3,0,1.7,2
0,qid:1613,0,0,1,1,0,2,0,0,0,0,5,11,2,4,1,2,3
1,qid:1613,1,0,0,1,0,2,0,0,0,0,3,8,1,3,1,1.7,2
1,qid:1614,0,0,0,0,0,4,0,0,0,1,4,11,2,4,1,1.8,3
0,qid:1614,1,0,0,0,1,0,0,1,1,0,1,6,1,2,1,1.5,2
0,qid:1615,0,1,0,0,1,6,0,0,0,0,7,18,2,7,2,2,2
1,qid:1615,0,0,0,0,1,1,0,0,0,1,4,9,2,3,1,1.7,2
0,qid:1616,0,0,0,1,0,2,0,0,0,1,4,10,2,3,0,1.7,2
1,qid:1616,0,0,0,0,0,2,0,0,0,1,3,7,1,2,1,1.5,2
0,qid:1617,0,0,0,3,0,1,0,1,0,0,4,9,0,4,0,1.8,2
1,qid:1617,0,0,0,0,0,1,0,0,0,0,3,7,3,2,0,1.5,2
0,qid:1618,1,0,1,1,1,2,0,0,0,0,2,8,0,3,1,1.7,2
1,qid:1618,0,0,0,0,1,2,0,1,0,0,3,8,1,3,1,1.3,2
0,qid:1619,0,0,0,0,3,2,0,0,0,0,5,11,1,5,1,2,3
1,qid:1619,0,0,0,0,0,1,0,0,0,1,1,4,1,1,1,1,1
0,qid:1620,0,0,0,0,0,3,0,0,0,2,2,8,0,4,1,2.3,3
1,qid:1620,0,0,0,0,0,4,0,0,0,0,4,10,2,4,1,2.5,4
0,qid:1621,0,2,1,0,0,1,0,0,0,1,6,13,2,4,0,1.8,3
1,qid:1621,0,0,0,0,2,4,0,0,0,2,3,11,0,4,2,1.3,2
1,qid:1622,0,0,0,0,0,3,0,0,0,0,4,8,1,3,1,2,3
0,qid:1622,0,0,0,1,1,1,0,0,0,0,4,8,1,1,1,1,1
0,qid:1623,1,0,1,0,2,2,0,0,0,1,5,14,2,6,2,1.5,2
1,qid:1623,0,0,1,0,0,1,0,0,0,0,2,6,2,2,1,1.5,2
0,qid:1624,0,0,0,1,2,2,0,0,0,0,4,9,0,3,3,1,1
1,qid:1624,0,0,0,0,0,2,0,0,0,0,5,10,3,4,0,1.5,2
0,qid:1625,1,0,0,0,1,2,0,0,0,0,7,13,2,3,2,1.3,2
1,qid:1625,0,0,0,0,0,1,0,0,0,1,3,8,2,2,1,1.5,2
1,qid:1626,0,0,1,2,0,1,0,0,0,1,5,12,2,4,2,1.5,2
0,qid:1626,0,1,0,0,2,4,0,0,0,2,5,14,0,8,2,1.4,2
0,qid:1627,1,0,1,0,0,4,0,0,0,1,6,15,1,6,3,2.3,3
1,qid:1627,0,0,0,0,0,4,0,0,0,1,3,10,0,3,2,1.3,2
0,qid:1628,0,1,0,0,0,4,0,0,0,0,8,16,3,7,2,2.4,4
1,qid:1628,0,0,0,0,0,4,0,0,0,0,5,10,1,4,1,1.8,2
1,qid:1629,0,0,1,0,0,1,0,0,0,0,3,7,2,3,1,1.3,2
0,qid:1629,0,0,0,1,0,3,0,0,0,0,3,8,1,3,0,2,3
1,qid:1630,0,0,0,0,0,2,0,0,0,1,4,9,2,3,1,1.3,2
0,qid:1630,1,1,0,1,0,1,0,0,0,0,3,9,2,3,1,2,3
0,qid:1631,0,0,1,1,1,0,0,0,0,0,3,7,1,2,1,1.5,2
1,qid:1631,0,0,0,0,0,4,0,0,0,0,4,9,1,4,1,1.8,2
1,qid:1632,0,0,1,0,1,3,1,0,0,1,3,12,2,6,2,2,2
0,qid:1632,1,0,0,0,0,2,0,0,0,0,5,10,2,4,2,2,3
1,qid:1633,0,0,0,0,1,1,0,0,0,1,3,7,1,2,1,1.5,2
0,qid:1633,1,0,0,0,0,5,0,0,0,0,5,12,1,4,1,1.8,3
0,qid:1634,0,0,1,0,1,4,0,0,0,0,6,14,2,6,2,1.5,2
1,qid:1634,0,0,0,0,0,2,0,1,0,0,3,7,1,2,1,1.5,2
0,qid:1635,0,0,0,0,0,4,0,0,0,0,4,9,1,4,2,1.8,3
1,qid:1635,0,0,0,0,1,2,0,0,0,0,4,8,1,3,1,1.3,2
1,qid:1636,0,0,0,0,2,1,0,0,0,0,4,10,3,3,1,1,1
0,qid:1636,0,0,0,1,0,5,0,0,0,0,7,15,2,7,2,1.9,3
1,qid:1637,0,0,0,1,0,2,0,0,0,0,2,7,2,2,1,1,1
0,qid:1637,0,0,0,0,1,3,0,0,0,0,5,11,1,4,1,1.5,2
1,qid:1638,0,0,0,0,0,3,0,0,0,0,2,7,2,3,0,1,1
0,qid:1638,0,0,0,1,1,2,0,0,0,1,1,6,0,2,1,1,1
1,qid:1639,0,0,0,0,1,3,0,0,0,0,3,8,1,4,0,1.8,3
0,qid:1639,0,0,0,1,0,4,0,0,0,1,6,14,2,6,1,1.8,3
0,qid:1640,0,0,0,1,0,2,0,0,0,1,2,8,2,2,1,1,1
1,qid:1640,0,0,0,0,0,2,0,0,0,0,4,8,2,3,1,1.7,2
0,qid:1641,1,1,1,0,0,1,0,0,0,1,4,10,1,3,1,2,3
1,qid:1641,0,0,0,0,3,1,1,0,0,1,3,9,0,4,2,2.3,3
1,qid:1642,0,0,0,0,0,1,0,0,0,0,2,5,2,2,1,1,1
0,qid:1642,0,0,0,1,1,2,0,0,0,0,3,8,1,2,1,1.5,2
1,qid:1643,0,0,0,0,1,2,0,0,0,0,4,10,2,4,1,1.5,2
0,qid:1643,0,0,0,1,0,2,0,0,0,1,5,13,4,6,1,1.8,2
0,qid:1644,1,0,2,1,0,2,0,0,0,1,2,10,1,5,3,1.6,3
1,qid:1644,0,0,0,0,0,5,0,0,0,0,6,13,2,6,3,1.5,2
1,qid:1645,2,0,1,0,0,1,0,0,0,0,3,8,1,3,1,2,3
0,qid:1645,0,0,1,0,0,0,0,1,1,0,1,4,0,2,1,1,1
0,qid:1646,0,1,0,0,3,2,0,0,0,1,1,8,0,4,1,1.5,2
1,qid:1646,0,0,0,0,0,1,0,0,0,0,4,8,2,3,1,1.7,2
1,qid:1647,0,0,0,0,0,1,0,0,0,0,3,6,2,2,1,1,1
0,qid:1647,0,0,0,0,0,3,0,1,0,0,1,6,1,4,1,2,3
0,qid:1648,0,0,1,1,1,2,0,0,0,0,5,12,1,6,2,2,2
1,qid:1648,0,1,0,0,2,4,0,0,0,0,6,15,2,6,2,2.8,3
1,qid:1649,0,1,0,0,0,2,0,0,0,0,4,8,1,2,0,1,1
0,qid:1649,0,0,0,1,0,4,0,0,1,2,2,10,0,2,1,1.5,2
0,qid:1650,0,0,2,0,1,2,0,0,0,0,8,15,2,6,2,1.8,2
1,qid:1650,0,0,0,0,1,4,0,0,0,0,3,9,1,3,1,1.7,2
1,qid:1651,0,0,1,2,0,2,0,0,0,2,4,20,1,4,1,2,3
0,qid:1651,0,0,1,0,1,2,0,0,0,2,4,11,0,4,3,1,1
1,qid:1652,0,0,0,0,0,1,0,0,0,0,3,6,1,2,1,1.5,2
0,qid:1652,1,0,0,1,0,1,0,0,0,0,2,6,1,3,0,1.3,2
0,qid:1653,0,0,0,0,1,1,0,0,0,0,4,9,3,3,1,1.7,2
1,qid:1653,0,0,0,0,0,1,0,0,0,1,1,5,2,2,1,1.5,2
0,qid:1654,1,1,0,0,0,1,0,0,0,0,5,9,1,3,1,1.3,2
1,qid:1654,0,0,0,0,0,4,0,0,0,0,6,12,2,5,1,2.2,3
0,qid:1655,0,0,0,1,0,4,0,0,0,1,3,11,1,7,1,2.3,3
1,qid:1655,0,0,0,1,1,1,0,0,0,0,4,10,2,4,1,1.8,3
0,qid:1656,1,0,0,0,2,1,0,0,0,1,3,9,1,4,1,2,3
1,qid:1656,0,0,0,1,0,3,0,0,0,1,4,10,1,4,1,2.3,3
0,qid:1657,0,0,1,2,0,1,0,0,0,1,4,10,1,4,2,1.8,3
1,qid:1657,0,0,0,0,0,4,0,0,0,0,4,10,2,5,1,2.6,4
1,qid:1658,0,0,0,0,2,1,0,0,0,0,4,9,2,3,2,1.3,2
0,qid:1658,1,0,0,0,2,4,0,0,0,1,12,24,4,9,1,2.2,4
0,qid:1659,1,1,0,2,0,1,0,0,0,0,3,8,0,4,1,2.5,4
1,qid:1659,2,0,0,1,0,2,0,0,0,1,4,10,0,4,1,1.5,2
0,qid:1660,1,0,0,1,1,5,0,0,0,1,6,15,0,7,4,1.3,2
1,qid:1660,1,1,1,0,0,1,0,1,0,1,1,7,0,4,0,2.3,3
1,qid:1661,1,0,1,0,1,3,0,0,0,0,1,7,0,2,1,1.5,2
0,qid:1661,0,0,1,1,2,4,0,0,0,4,7,19,0,6,2,2,3
0,qid:1662,0,0,0,0,2,3,0,0,0,0,8,15,2,4,1,1.5,2
1,qid:1662,0,1,0,0,0,1,0,0,1,0,3,8,2,4,1,2,3
0,qid:1663,1,0,0,0,1,5,0,0,0,0,4,12,1,5,2,2,3
1,qid:1663,0,0,1,1,0,1,0,1,0,0,3,9,2,3,0,1.3,2
1,qid:1664,0,0,0,0,2,2,0,0,0,0,3,8,1,4,1,2,3
0,qid:1664,0,1,0,0,0,1,0,0,0,0,5,9,2,3,1,2,3
0,qid:1665,0,0,2,0,1,3,0,0,0,2,5,15,2,6,3,2.2,4
1,qid:1665,0,0,0,0,1,3,1,0,0,0,5,12,2,5,3,2,2
1,qid:1666,1,0,0,0,1,2,0,0,0,0,5,12,3,5,2,1.8,3
0,qid:1666,3,0,0,1,1,2,0,0,0,0,10,20,1,8,2,2.4,2
0,qid:1667,0,0,0,2,4,0,0,0,0,1,6,13,0,5,2,2,2
1,qid:1667,0,0,0,1,0,2,0,0,0,0,3,10,2,3,1,1.3,2
0,qid:1668,0,0,1,1,1,1,0,0,0,0,4,12,0,4,0,2,2
1,qid:1668,0,0,0,0,0,2,0,0,0,0,3,6,1,2,1,1.5,2
0,qid:1669,0,1,0,0,1,0,0,0,0,1,4,11,4,4,1,1.8,2
1,qid:1669,2,0,0,0,0,1,0,0,0,0,3,7,1,3,1,1.3,2
1,qid:1670,0,0,1,0,0,5,0,0,0,0,6,13,1,6,2,2.3,4
0,qid:1670,2,0,0,1,0,5,0,0,0,1,6,15,0,7,2,2.4,3
0,qid:1671,0,0,1,1,1,4,0,0,0,1,2,10,0,5,2,1.4,2
1,qid:1671,1,0,0,0,0,3,0,0,0,0,5,10,1,4,1,1.5,2
0,qid:1672,1,0,1,0,0,3,0,0,0,0,5,11,1,3,1,1.7,2
1,qid:1672,0,0,0,1,0,0,0,0,0,0,4,9,4,2,2,1.5,2
1,qid:1673,0,0,0,1,0,2,0,0,0,0,2,7,2,3,2,2,3
0,qid:1673,0,0,0,0,0,2,0,0,0,0,4,8,2,3,2,1.7,2
1,qid:1674,0,0,1,1,0,1,0,0,0,0,4,8,1,3,1,2,3
0,qid:1674,0,0,0,1,1,3,0,0,1,1,4,13,2,6,1,2.2,3
0,qid:1675,1,0,2,0,1,1,0,0,0,0,4,10,1,4,2,2,3
1,qid:1675,1,1,1,0,0,3,0,0,0,0,3,9,0,2,2,1,1
1,qid:1676,1,0,0,0,0,3,0,0,0,0,6,10,0,3,1,2,3
0,qid:1676,0,0,0,0,3,1,0,1,0,2,4,13,2,3,1,1.3,2
1,qid:1677,0,0,0,1,1,2,0,0,0,1,6,13,2,5,1,1.4,2
0,qid:1677,0,0,0,0,3,6,0,0,0,0,9,18,0,7,4,1.6,2
0,qid:1678,0,1,0,1,0,2,0,0,0,0,2,7,1,4,2,1.8,2
1,qid:1678,0,0,0,0,0,3,0,0,0,0,3,7,1,3,1,2,3
1,qid:1679,0,0,0,0,0,4,0,0,0,0,6,12,2,4,1,1.5,2
0,qid:1679,0,0,1,0,1,2,0,0,0,1,3,9,1,3,1,1.3,2
1,qid:1680,0,0,0,1,0,1,0,0,0,0,5,9,2,3,1,1.7,2
0,qid:1680,0,0,0,2,0,2,0,0,0,0,4,9,1,4,2,1.8,3
0,qid:1681,1,0,1,1,2,1,1,0,0,1,3,11,0,4,3,1.8,3
1,qid:1681,0,0,0,0,0,4,0,0,0,1,4,10,1,4,1,1.3,2
0,qid:1682,0,0,0,2,0,1,0,0,0,0,3,7,1,3,1,1.3,2
1,qid:1682,0,0,0,1,0,2,0,0,0,1,4,11,3,4,0,1.5,2
0,qid:1683,0,0,0,0,1,1,0,0,0,1,5,10,2,2,2,1,1
1,qid:1683,0,0,0,0,0,1,0,0,0,0,2,5,2,2,1,1,1
0,qid:1684,0,0,0,0,3,3,0,1,0,0,4,12,1,6,3,1,1
1,qid:1684,0,0,0,0,0,2,0,0,0,1,4,8,1,4,1,1.3,2
1,qid:1685,1,0,0,0,0,0,0,0,0,0,1,3,1,1,1,1,1
0,qid:1685,0,0,0,0,1,2,0,0,0,0,3,7,1,3,1,1,1
0,qid:1686,0,0,1,0,1,2,0,0,1,0,5,13,3,4,1,1.3,2
1,qid:1686,0,0,0,0,1,3,0,0,1,1,4,11,1,5,0,1.4,2
0,qid:1687,0,0,0,1,1,4,0,0,0,0,7,15,1,6,2,2.5,3
1,qid:1687,0,0,0,1,1,3,0,0,0,1,5,12,1,4,1,2.3,3
1,qid:1688,0,0,0,0,0,4,0,0,0,0,4,9,1,4,1,1,1
0,qid:1688,0,0,0,0,0,3,0,1,0,0,1,6,1,4,0,1.5,2
0,qid:1689,0,0,1,0,1,2,0,0,0,0,4,9,1,4,1,2,3
1,qid:1689,0,0,0,0,1,2,0,0,0,0,4,10,3,4,1,2.5,4
1,qid:1690,0,0,0,1,0,2,0,0,0,0,4,9,1,4,1,1.8,3
0,qid:1690,1,1,0,0,2,6,0,0,0,2,7,19,0,7,3,2,2
1,qid:1691,0,0,0,0,0,2,0,0,0,0,3,7,1,2,1,1.5,2
0,qid:1691,0,1,0,3,2,1,0,0,1,0,7,17,2,8,2,1.8,3
0,qid:1692,1,0,0,2,2,3,0,0,0,1,8,17,0,6,2,1.2,2
1,qid:1692,1,0,0,2,0,1,0,0,1,0,5,11,1,4,1,1.5,2
0,qid:1693,1,0,0,0,0,0,0,1,1,0,3,12,6,4,0,1.3,2
1,qid:1693,1,0,0,1,0,1,0,0,0,2,2,7,0,2,1,1,1
0,qid:1694,0,0,0,0,0,5,0,0,0,0,4,10,1,3,0,1,1
1,qid:1694,0,0,0,0,0,3,0,0,0,0,4,9,2,3,0,1.7,2
0,qid:1695,1,0,0,0,3,4,0,0,0,2,7,18,1,7,2,1.4,2
1,qid:1695,0,0,1,0,0,1,0,0,0,0,2,5,1,2,1,1.5,2
1,qid:1696,0,0,0,0,1,2,0,0,0,1,3,8,1,3,2,1.3,2
0,qid:1696,1,0,0,0,0,6,0,0,1,0,4,13,1,5,2,1.8,3
0,qid:1697,0,0,0,0,2,2,0,0,0,0,2,7,1,4,2,1.5,2
1,qid:1697,1,0,0,0,0,1,0,0,0,1,1,5,1,2,0,1.5,2
1,qid:1698,0,0,1,0,0,3,0,0,1,0,3,9,1,4,2,1.8,3
0,qid:1698,1,0,0,0,2,0,0,0,0,2,2,9,2,2,1,1.5,2
0,qid:1699,0,0,0,1,2,2,0,0,0,2,4,11,0,4,1,1.5,2
1,qid:1699,0,0,0,0,1,2,0,0,0,1,4,9,1,5,1,1.4,2
0,qid:1700,1,0,0,1,1,4,0,0,0,1,2,10,0,5,2,1.8,3
1,qid:1700,0,0,0,0,0,3,0,0,0,2,2,8,1,4,2,1.3,2
1,qid:1701,0,0,0,0,0,2,0,0,0,0,3,6,1,2,0,1.5,2
0,qid:1701,0,0,0,1,1,2,0,0,0,0,4,9,1,4,0,2,2
0,qid:1702,0,1,0,1,0,7,0,0,0,1,9,19,0,7,2,2.1,4
1,qid:1702,2,0,0,2,0,3,0,0,0,0,4,11,0,6,1,3.5,6
1,qid:1703,0,0,0,0,1,1,0,0,0,0,3,7,2,2,0,1.5,2
0,qid:1703,0,0,1,0,1,2,0,0,0,0,4,9,1,3,1,1.3,2
1,qid:1704,0,0,0,1,1,2,0,0,0,1,5,12,2,5,2,2.2,3
0,qid:1704,1,0,1,0,0,0,0,0,0,0,5,11,3,2,0,1.5,2
1,qid:1705,0,0,0,1,0,1,0,0,0,0,3,8,2,3,1,2,3
0,qid:1705,0,0,0,0,1,3,0,0,1,1,2,10,2,4,2,1.5,2
0,qid:1706,0,0,1,0,0,3,0,0,0,0,4,10,2,5,0,2,3
1,qid:1706,0,0,0,1,1,1,0,0,0,0,3,7,1,2,1,1.5,2
1,qid:1707,1,1,0,1,0,3,0,0,0,0,4,10,0,3,0,2,3
0,qid:1707,0,0,0,1,0,3,0,0,0,0,4,9,1,4,2,1.8,2
0,qid:1708,0,0,1,3,3,1,0,0,0,2,6,16,0,6,4,1.8,2
1,qid:1708,1,0,0,0,0,0,0,0,0,1,2,5,1,1,1,1,1
1,qid:1709,0,0,2,0,0,1,0,0,0,0,2,7,2,4,1,1.5,2
0,qid:1709,0,0,0,0,1,1,0,0,0,0,5,11,3,4,1,2.3,3
0,qid:1710,1,0,1,0,1,1,0,0,0,1,6,16,5,7,2,2.9,4
1,qid:1710,0,0,0,0,0,2,0,0,0,0,3,6,1,2,1,1.5,2
1,qid:1711,0,0,0,0,1,0,0,0,0,0,5,10,4,4,0,2,3
0,qid:1711,0,0,0,0,0,3,0,0,1,1,2,8,1,2,2,1.5,2
1,qid:1712,0,0,0,0,0,4,0,0,0,0,6,12,2,5,0,2.2,3
0,qid:1712,1,0,0,0,0,4,0,0,1,0,5,12,1,5,1,1.8,3
0,qid:1713,1,1,0,1,0,6,0,0,0,0,6,15,0,8,1,1.8,3
1,qid:1713,0,1,0,1,0,0,0,1,0,1,3,9,2,3,0,1.3,2
1,qid:1714,1,0,0,1,2,4,0,0,0,2,4,15,1,5,2,1.4,2
0,qid:1714,0,0,1,1,3,5,0,0,0,1,10,24,3,11,3,2.5,4
1,qid:1715,0,0,0,0,0,2,0,0,0,0,4,8,0,3,1,1.7,2
0,qid:1715,1,0,0,0,1,2,0,1,0,0,3,10,1,2,0,1.5,2
1,qid:1716,0,0,0,1,2,1,0,0,0,0,5,10,1,4,2,1.5,2
0,qid:1716,0,0,0,0,2,3,0,0,0,2,5,13,1,5,1,1.6,2
0,qid:1717,1,2,0,1,2,1,0,0,0,1,8,19,3,6,1,1.5,2
1,qid:1717,0,0,0,0,0,5,0,0,0,0,4,10,1,5,1,1.8,2
1,qid:1718,1,0,0,1,0,5,0,0,0,0,5,12,0,5,1,2,3
0,qid:1718,0,0,0,1,1,3,0,0,0,1,4,12,2,5,3,1.8,3
1,qid:1719,0,0,1,0,0,4,0,0,0,1,4,11,1,5,2,2.4,4
0,qid:1719,0,2,0,0,0,0,0,0,0,2,2,6,0,1,1,1,1
1,qid:1720,0,0,0,0,1,1,0,0,0,0,5,10,2,4,1,1.8,3
0,qid:1720,0,1,0,0,0,2,0,0,0,1,3,8,1,4,1,1.8,3
1,qid:1721,1,0,0,0,3,2,0,0,0,0,6,13,1,5,1,1.6,2
0,qid:1721,0,0,1,0,3,4,0,0,0,1,8,19,2,7,2,2.1,4
0,qid:1722,1,0,0,0,2,2,0,0,0,0,3,11,3,6,0,1.3,2
1,qid:1722,1,0,0,0,1,2,0,0,0,0,2,8,2,3,1,1.7,2
1,qid:1723,0,1,0,1,1,0,0,0,0,1,5,13,2,3,1,1.7,2
0,qid:1723,0,0,0,1,2,4,0,0,0,1,8,17,1,7,2,1.6,2
1,qid:1724,0,0,0,1,1,0,0,0,1,0,4,9,2,3,1,1.7,2
0,qid:1724,1,0,1,0,1,2,0,0,0,2,1,10,2,3,1,2,3
1,qid:1725,0,0,0,0,2,2,0,0,0,0,6,12,1,4,2,2,3
0,qid:1725,0,0,0,0,0,2,0,0,0,0,3,8,3,4,1,1.8,2
1,qid:1726,0,0,0,1,1,1,0,0,0,0,4,9,2,4,1,1.3,2
0,qid:1726,0,0,0,0,1,2,0,0,0,0,7,14,4,5,2,2,3
1,qid:1727,0,0,0,0,0,1,0,0,0,0,4,6,0,1,0,1,1
0,qid:1727,0,0,1,0,1,2,0,0,0,0,4,9,1,3,1,1.7,2
1,qid:1728,0,0,0,0,0,1,0,1,0,0,1,4,1,2,0,1.5,2
0,qid:1728,1,0,0,1,0,2,0,0,0,0,5,10,1,4,0,1.3,2
1,qid:1729,1,0,0,1,0,0,0,0,0,0,3,7,2,3,0,1.3,2
0,qid:1729,0,0,1,0,0,1,0,0,0,1,4,9,1,3,1,1.7,2
1,qid:1730,0,1,0,0,0,2,0,0,0,0,4,8,1,3,1,1.7,2
0,qid:1730,0,0,0,1,0,1,0,0,0,0,3,7,1,3,1,1.3,2
1,qid:1731,0,0,0,0,0,2,0,0,0,0,3,6,1,2,0,1.5,2
0,qid:1731,0,1,0,0,1,2,0,0,0,0,3,8,1,3,1,1.7,2
1,qid:1732,0,0,0,0,1,5,0,0,0,0,5,12,1,5,2,1.4,2
0,qid:1732,0,0,0,1,0,6,0,0,0,0,4,12,1,6,2,1.7,3
0,qid:1733,0,0,0,0,0,3,0,0,1,1,4,11,1,4,1,1.5,2
1,qid:1733,0,0,0,0,0,1,0,0,0,1,3,9,4,4,0,1.5,2
1,qid:1734,0,0,0,1,0,2,0,0,0,0,5,10,2,4,1,1.8,2
0,qid:1734,0,0,0,1,1,2,2,0,0,2,2,13,3,5,1,2,3
0,qid:1735,0,2,0,0,0,3,0,0,0,0,3,8,0,4,2,1.8,2
1,qid:1735,0,0,1,2,1,2,0,0,0,0,7,14,1,5,2,1.8,3
1,qid:1736,0,0,0,0,1,2,0,0,0,0,4,8,1,3,1,1.3,2
0,qid:1736,0,0,1,0,0,2,0,0,2,0,1,7,1,3,0,2,3
0,qid:1737,0,0,0,0,2,3,0,0,0,0,6,12,1,5,1,2.4,3
1,qid:1737,0,0,0,0,0,1,0,0,0,1,3,8,3,3,1,1.7,2
0,qid:1738,0,0,0,0,1,4,0,1,0,0,1,8,1,3,0,2,3
1,qid:1738,0,0,0,1,0,2,0,0,0,0,4,8,1,3,1,2,3
0,qid:1739,1,0,0,0,0,6,0,0,0,1,6,15,0,4,1,2,3
1,qid:1739,0,0,0,0,2,2,0,0,0,0,7,13,1,4,2,1.8,2
0,qid:1740,0,0,2,0,0,2,0,0,0,3,4,13,2,6,4,1,1
1,qid:1740,0,0,0,2,1,4,0,1,0,1,3,12,0,6,2,1.3,2
1,qid:1741,0,0,0,0,0,3,0,0,0,0,3,7,1,3,1,1.7,2
0,qid:1741,0,0,0,0,0,2,0,0,0,0,3,7,2,2,1,1.5,2
0,qid:1742,0,0,0,2,4,3,0,1,3,1,10,31,7,14,3,2.5,2
1,qid:1742,1,0,0,0,2,4,0,0,0,0,2,9,0,3,2,1.7,2
0,qid:1743,1,0,0,0,2,2,1,0,0,1,2,9,0,3,1,1.3,2
1,qid:1743,0,0,0,0,2,1,0,0,0,0,4,8,1,3,2,1.7,2
0,qid:1744,0,0,0,0,0,4,0,0,0,1,5,12,1,6,2,1.8,3
1,qid:1744,0,1,0,0,0,2,0,0,0,0,2,6,1,3,0,1.3,2
0,qid:1745,1,0,0,1,0,12,0,0,1,2,4,21,0,10,4,2,4
1,qid:1745,1,0,0,0,0,2,0,0,0,0,3,8,0,3,1,2,3
1,qid:1746,0,0,0,0,0,2,0,0,0,1,4,12,2,3,0,1.7,2
0,qid:1746,0,0,0,0,1,3,0,0,0,0,4,9,1,3,1,2,3
1,qid:1747,0,0,0,0,1,4,0,0,0,0,6,12,1,5,0,1.6,2
0,qid:1747,0,0,0,1,2,2,0,0,0,1,5,13,2,5,1,1.8,3
1,qid:1748,0,0,0,1,0,1,0,0,0,0,2,5,1,2,1,1,1
0,qid:1748,1,0,0,1,0,4,0,0,0,0,5,15,3,5,2,2,2
1,qid:1749,0,0,0,0,2,2,0,0,0,0,2,7,1,1,1,1,1
0,qid:1749,0,0,0,0,1,5,0,0,0,0,4,11,1,4,1,2.3,3
1,qid:1750,0,0,0,0,0,3,0,0,0,0,4,9,2,4,1,1.8,2
0,qid:1750,0,1,2,0,2,2,0,0,0,1,9,21,4,9,3,1.7,2
1,qid:1751,0,0,0,1,1,3,0,0,0,0,5,11,1,5,1,2.2,3
0,qid:1751,1,1,0,1,2,1,0,0,0,0,3,10,1,4,3,1.8,2
1,qid:1752,0,0,0,1,0,0,0,0,0,0,3,5,1,1,0,1,1
0,qid:1752,1,1,0,0,3,4,0,0,1,0,8,20,2,10,4,1.6,3
1,qid:1753,0,0,0,0,0,1,0,0,0,0,3,6,2,2,2,1,1
0,qid:1753,0,0,1,0,0,2,0,0,0,0,4,8,1,3,2,1.7,2
1,qid:1754,0,1,0,0,0,2,0,0,0,0,4,8,1,3,1,1.7,2
0,qid:1754,0,0,0,1,0,2,0,0,0,0,5,11,3,4,1,1.5,2
0,qid:1755,1,0,0,1,0,1,0,0,0,0,4,9,2,3,1,1.3,2
1,qid:1755,0,0,0,0,0,4,0,1,0,0,2,7,0,3,0,1,1
1,qid:1756,0,0,0,0,0,1,0,0,1,0,1,5,2,3,0,1.7,2
0,qid:1756,0,0,1,0,0,0,0,0,0,1,1,4,1,1,1,1,1
0,qid:1757,0,0,1,2,0,4,0,0,0,0,4,12,1,4,3,1.8,2
1,qid:1757,0,0,0,0,0,1,0,0,0,0,3,6,2,2,0,1,1
1,qid:1758,0,0,0,0,0,3,0,0,0,0,4,8,1,3,1,1,1
0,qid:1758,0,0,0,0,1,1,0,1,0,0,1,7,2,2,2,1.5,2
0,qid:1759,0,0,1,0,1,4,0,0,0,1,6,14,1,6,2,2.2,4
1,qid:1759,2,0,0,0,0,4,0,0,1,0,2,9,0,4,0,2.3,3
1,qid:1760,0,0,0,0,0,1,0,0,0,0,5,9,3,3,2,1.7,2
0,qid:1760,0,0,0,1,1,2,0,0,0,0,3,10,2,4,1,2.5,4
0,qid:1761,0,0,1,0,0,2,0,0,0,0,5,10,2,4,1,2,3
1,qid:1761,1,0,0,0,0,3,0,0,0,0,1,6,1,3,0,2,3
0,qid:1762,0,0,0,0,0,2,0,0,0,0,3,7,2,3,1,1.3,2
1,qid:1762,0,0,0,0,0,1,0,0,0,0,3,6,2,2,1,1.5,2
1,qid:1763,1,0,0,1,1,1,0,0,0,0,5,11,2,4,0,2,2
0,qid:1763,0,0,3,1,1,1,0,0,1,0,6,15,2,5,1,1.6,2
0,qid:1764,0,0,0,1,1,1,0,0,0,0,2,6,1,3,1,1.3,2
1,qid:1764,0,0,0,1,1,2,0,0,0,0,3,8,1,4,0,1.3,2
1,qid:1765,0,0,0,0,0,2,0,0,0,0,4,9,3,3,0,2,3
0,qid:1765,1,1,0,1,2,4,0,0,1,0,6,16,0,6,1,2,3
1,qid:1766,1,0,0,0,0,0,0,0,0,0,5,8,2,2,1,1,1
0,qid:1766,2,0,0,1,2,0,0,0,0,2,4,12,1,3,1,1.7,2
0,qid:1767,0,0,0,1,0,0,0,0,0,0,5,9,2,2,1,1.5,2
1,qid:1767,0,0,0,0,1,2,0,0,0,1,4,9,1,2,1,1.5,2
0,qid:1768,0,0,0,0,0,5,0,0,0,0,4,11,2,5,1,1.8,2
1,qid:1768,0,0,0,0,1,2,0,0,0,0,3,7,1,1,1,1,1
0,qid:1769,0,0,1,0,1,2,0,0,0,0,2,7,1,4,2,1.5,2
1,qid:1769,1,0,0,0,0,2,0,0,0,0,2,6,1,2,1,1.5,2
1,qid:1770,0,0,0,0,1,2,0,0,0,1,3,8,1,2,2,1,1
0,qid:1770,0,0,0,1,2,1,0,0,0,1,3,9,1,4,1,2,2
0,qid:1771,0,1,0,0,0,3,0,0,0,2,4,12,2,6,1,2,2
1,qid:1771,0,0,0,1,0,3,0,0,0,0,6,12,2,4,2,1.3,2
1,qid:1772,2,0,0,1,0,1,0,0,0,0,5,9,0,3,1,1.7,2
0,qid:1772,1,1,0,0,0,2,0,0,0,0,6,11,1,4,2,2,2
1,qid:1773,1,0,0,0,1,4,0,1,0,0,5,12,0,3,2,2,3
0,qid:1773,0,0,0,0,3,1,0,0,0,0,8,17,5,5,1,1.4,2
0,qid:1774,0,0,0,0,1,3,0,0,0,0,7,14,2,6,2,1.7,3
1,qid:1774,1,0,0,0,0,2,0,0,0,0,2,6,1,1,1,1,1
1,qid:1775,0,0,0,0,0,2,0,0,0,0,4,8,2,3,1,1.7,2
0,qid:1775,0,0,0,1,1,2,0,0,0,1,6,15,4,6,2,1.5,2
0,qid:1776,0,0,0,0,0,5,0,0,0,0,4,10,1,4,1,2,3
1,qid:1776,0,0,0,1,0,1,0,0,0,0,2,5,1,2,1,1.5,2
0,qid:1777,2,0,1,0,2,0,0,0,0,0,1,6,0,2,0,1.5,2
1,qid:1777,0,0,0,1,0,1,0,0,0,1,3,8,2,3,2,1.3,2
1,qid:1778,1,0,0,0,1,4,0,0,0,0,4,11,1,3,3,1.7,2
0,qid:1778,0,0,0,1,0,3,0,1,0,0,4,10,1,4,2,1.5,2
0,qid:1779,0,0,0,1,2,1,0,0,0,1,3,9,1,3,1,2,3
1,qid:1779,0,0,0,0,0,1,0,0,0,0,2,4,1,1,0,1,1
1,qid:1780,0,0,0,0,1,4,0,0,0,2,3,11,1,5,3,1.6,3
0,qid:1780,3,0,1,1,0,1,0,0,2,0,7,18,3,8,2,1.8,3
1,qid:1781,0,1,0,0,0,3,0,0,1,1,2,8,0,3,1,1.7,2
0,qid:1781,0,1,1,0,0,1,0,0,0,0,3,7,1,3,1,1.7,2
1,qid:1782,0,0,0,0,0,3,0,0,0,0,3,7,1,3,0,1.7,2
0,qid:1782,0,0,0,0,1,1,0,0,1,0,2,7,2,3,2,1,1
1,qid:1783,0,0,0,0,1,3,0,0,0,0,6,11,1,4,0,1.5,2
0,qid:1783,1,1,1,0,0,3,0,0,0,0,3,10,0,3,1,1.3,2
0,qid:1784,0,1,0,0,0,3,0,0,0,1,5,12,2,5,3,1.6,2
1,qid:1784,0,0,0,1,0,1,0,0,2,1,0,7,2,2,2,1.5,2
1,qid:1785,0,0,0,0,0,3,0,0,0,0,2,6,1,1,1,1,1
0,qid:1785,1,0,0,0,1,1,0,0,0,0,4,8,1,2,0,1,1
1,qid:1786,0,0,0,1,0,4,0,0,0,0,4,11,2,4,1,2,2
0,qid:1786,1,0,0,1,2,3,0,0,0,1,7,18,3,6,2,2.2,4
1,qid:1787,0,0,0,0,0,1,0,0,0,0,4,7,2,2,1,1.5,2
0,qid:1787,0,0,0,0,3,3,0,0,0,1,0,7,0,3,2,1,1
0,qid:1788,1,0,0,1,2,6,0,0,0,2,4,16,0,8,4,2,4
1,qid:1788,0,0,0,0,1,3,0,1,0,0,3,10,1,5,1,2.6,4
0,qid:1789,1,1,0,0,1,4,0,0,0,0,6,23,0,6,2,2.2,4
1,qid:1789,2,0,0,0,1,1,0,0,0,1,4,10,1,4,1,1.3,2
0,qid:1790,0,0,0,2,1,2,0,0,0,0,5,11,1,5,2,2,2
1,qid:1790,0,0,2,0,1,2,0,0,0,1,2,8,0,1,2,1,1
1,qid:1791,0,0,0,0,0,3,0,0,0,1,3,8,1,3,1,1.7,2
0,qid:1791,0,0,0,0,1,2,1,0,1,0,3,9,1,6,1,2.3,4
1,qid:1792,0,0,0,0,0,3,0,0,0,0,4,8,1,3,0,1.7,2
0,qid:1792,1,0,0,0,0,0,0,0,0,0,4,10,4,3,0,1.3,2
0,qid:1793,0,0,0,0,1,2,0,0,0,0,3,7,1,2,0,1,1
1,qid:1793,0,0,0,0,0,3,0,0,0,0,2,7,1,4,1,2.5,4
1,qid:1794,0,0,0,0,0,2,0,0,0,0,3,6,1,2,1,1.5,2
0,qid:1794,0,0,0,0,1,0,0,0,0,0,4,6,1,1,1,1,1
0,qid:1795,0,0,0,0,3,3,0,0,0,1,6,14,1,5,2,1.6,2
1,qid:1795,0,0,1,0,0,2,0,0,0,0,5,10,1,4,1,1.3,2
0,qid:1796,2,0,0,0,0,1,0,0,0,0,2,6,1,2,1,1.5,2
1,qid:1796,1,0,0,0,0,2,0,0,0,0,3,7,1,3,0,1.3,2
1,qid:1797,1,0,0,0,0,2,0,0,0,0,3,7,1,3,1,1.3,2
0,qid:1797,0,0,1,0,1,3,0,0,0,1,4,11,1,4,1,2.5,4
0,qid:1798,1,0,0,1,0,2,0,0,0,2,3,12,2,4,2,2.3,3
1,qid:1798,0,0,0,0,0,2,0,0,0,0,3,7,1,3,0,1.7,2
1,qid:1799,0,0,0,0,0,4,0,0,0,0,3,11,1,3,1,1.7,2
0,qid:1799,0,0,0,0,0,1,0,0,0,0,6,12,3,5,1,2.8,4
0,qid:1800,0,1,0,0,1,4,0,0,0,0,4,11,1,4,1,2.3,3
1,qid:1800,0,0,0,0,0,2,0,0,1,0,2,6,1,2,1,1,1
0,qid:1801,0,0,0,0,1,2,0,0,0,1,4,10,2,3,1,2,3
1,qid:1801,0,0,0,0,2,0,0,0,0,1,2,6,1,2,1,1.5,2
0,qid:1802,0,1,0,0,3,3,0,0,0,0,4,11,0,5,2,2.8,4
1,qid:1802,0,0,1,0,0,2,0,0,0,0,3,7,1,3,1,2,3
1,qid:1803,0,0,0,1,1,0,0,0,0,0,5,10,3,4,2,2,3
0,qid:1803,1,1,0,1,1,2,0,0,0,1,5,13,0,4,3,1.3,2
1,qid:1804,0,0,0,0,1,3,0,0,0,1,6,13,2,5,1,1.8,3
0,qid:1804,0,0,0,0,1,1,0,1,0,0,3,8,2,4,1,1.3,2
0,qid:1805,1,0,1,0,0,0,0,0,0,0,5,12,5,4,1,2,3
1,qid:1805,0,1,0,0,1,2,0,0,0,0,4,9,1,4,2,1.3,2
0,qid:1806,0,0,0,1,1,4,0,1,0,0,6,15,2,5,1,2,2
1,qid:1806,0,0,0,0,2,3,0,0,0,0,5,11,1,4,1,1.5,2
1,qid:1807,0,0,0,0,0,3,0,0,0,1,2,7,1,2,2,1,1
0,qid:1807,1,0,0,0,1,1,0,0,0,0,5,10,2,4,1,1.8,3
1,qid:1808,0,0,0,0,1,2,0,0,0,2,2,8,1,4,1,1.3,2
0,qid:1808,0,0,0,0,2,2,0,1,0,1,2,9,0,3,1,2,3
1,qid:1809,0,0,0,0,0,3,0,0,0,0,4,9,2,4,1,1,1
0,qid:1809,0,0,0,0,1,1,0,0,0,0,4,7,1,2,0,1.5,2
1,qid:1810,0,0,0,0,0,1,0,0,0,0,4,7,2,2,1,1.5,2
0,qid:1810,0,0,0,1,1,4,0,0,0,1,7,19,5,8,5,2,4
0,qid:1811,0,0,0,0,0,5,0,0,0,0,4,11,2,6,1,1.8,3
1,qid:1811,0,0,0,0,0,1,1,1,0,0,2,7,2,3,0,1.7,2
1,qid:1812,1,0,1,1,0,2,0,0,0,0,5,11,1,4,1,2,3
0,qid:1812,2,1,1,0,0,1,0,0,0,1,6,14,2,6,1,2.5,4
1,qid:1813,1,0,1,0,0,2,0,0,0,1,0,5,0,1,2,1,1
0,qid:1813,0,1,0,2,2,4,0,0,0,0,10,21,2,10,3,1.5,3
0,qid:1814,0,0,0,0,0,2,0,0,0,0,4,9,3,3,1,1.7,2
1,qid:1814,0,0,0,0,0,2,0,0,0,0,4,7,1,2,0,1.5,2
0,qid:1815,0,0,1,0,5,1,0,0,0,0,5,12,0,5,4,2,3
1,qid:1815,0,0,0,1,0,5,0,0,0,0,4,11,1,5,1,1.8,2
0,qid:1816,0,1,0,0,1,1,0,0,0,1,5,11,2,4,2,1.8,3
1,qid:1816,0,0,0,1,0,1,0,0,0,0,4,8,1,3,1,2,3
1,qid:1817,0,0,0,0,1,1,0,0,0,0,3,6,1,1,0,1,1
0,qid:1817,0,0,0,0,0,2,0,0,0,2,3,8,1,3,1,1.7,2
0,qid:1818,0,0,0,0,0,2,0,0,0,1,4,11,4,5,2,1.4,2
1,qid:1818,0,0,0,0,0,3,0,0,0,1,4,9,1,3,0,1.7,2
1,qid:1819,0,0,1,0,3,1,0,0,0,0,2,7,0,3,0,1.3,2
0,qid:1819,0,0,0,0,2,1,0,0,0,0,4,9,2,4,1,1.8,2
1,qid:1820,0,0,0,0,0,4,0,0,0,0,4,10,2,3,0,1.3,2
0,qid:1820,1,0,0,0,2,1,0,0,0,1,3,8,0,2,2,1.5,2
0,qid:1821,1,0,0,0,0,2,0,0,0,0,2,7,1,3,0,1.7,2
1,qid:1821,0,0,0,0,0,2,0,0,0,0,4,7,1,2,0,1.5,2
1,qid:1822,0,0,0,0,2,1,0,0,0,0,3,7,1,3,2,1,1
0,qid:1822,0,0,0,0,0,2,0,0,0,1,4,10,1,4,1,1.5,2
0,qid:1823,0,0,0,0,1,2,0,0,0,0,4,8,1,2,0,1,1
1,qid:1823,0,0,0,0,1,2,0,0,0,0,1,5,1,1,0,1,1
1,qid:1824,0,0,0,1,0,1,0,0,0,0,4,8,2,3,1,1.7,2
0,qid:1824,0,0,1,0,1,0,0,0,0,1,3,10,4,3,1,1.7,2
1,qid:1825,0,0,0,0,0,1,0,0,0,0,4,9,4,4,3,1.3,2
0,qid:1825,1,0,1,1,2,2,0,0,0,0,2,10,1,3,2,1,1
1,qid:1826,0,0,0,0,0,2,0,0,0,0,2,5,1,2,0,1.5,2
0,qid:1826,0,0,0,0,0,1,1,0,0,0,3,7,2,3,0,1.3,2
1,qid:1827,0,0,1,0,0,2,0,0,1,0,0,4,0,2,1,1.5,2
0,qid:1827,0,0,0,0,0,3,0,0,1,0,3,9,1,4,1,1.8,3
1,qid:1828,1,0,0,0,0,3,0,0,0,0,4,9,1,4,2,1.8,2
0,qid:1828,0,0,0,0,1,1,0,0,0,0,6,14,6,5,1,2.2,3
0,qid:1829,1,0,0,0,0,5,0,0,1,0,4,13,2,4,2,2,3
1,qid:1829,0,0,0,0,1,2,0,0,0,0,4,8,1,3,0,1,1
1,qid:1830,0,0,1,0,0,4,0,0,0,0,5,11,1,5,2,2,3
0,qid:1830,1,0,0,1,0,3,0,0,0,0,3,10,0,4,1,2,3
0,qid:1831,0,0,0,0,0,3,0,0,0,2,4,12,1,5,0,1.8,3
1,qid:1831,2,0,0,0,0,4,0,0,0,0,3,10,1,5,1,2,3
1,qid:1832,0,0,0,0,1,3,0,0,0,0,7,13,2,5,2,1.8,3
0,qid:1832,0,1,0,0,1,7,0,1,1,0,4,15,0,9,1,3.4,5
1,qid:1833,0,0,0,0,1,1,0,0,0,1,2,6,1,1,1,1,1
0,qid:1833,0,0,0,1,0,7,0,0,0,0,4,14,0,7,1,1.7,2
1,qid:1834,0,0,0,0,2,4,0,0,0,0,1,8,1,3,0,2,3
0,qid:1834,1,0,0,0,0,1,0,0,0,0,5,10,2,3,2,2,3
1,qid:1835,0,0,0,1,0,1,0,0,0,1,2,7,2,3,1,2,3
0,qid:1835,0,0,0,0,1,5,0,0,0,0,6,15,1,5,2,1.2,2
1,qid:1836,1,0,0,0,1,2,0,0,0,0,5,10,1,3,2,1.7,2
0,qid:1836,0,0,0,0,2,2,0,0,0,0,4,9,1,4,2,2,3
0,qid:1837,0,0,0,0,1,2,0,0,0,0,6,12,3,5,1,2.2,3
1,qid:1837,0,0,0,0,0,3,0,0,0,0,6,10,1,3,1,1,1
1,qid:1838,0,0,0,0,0,2,0,0,1,0,1,5,1,2,1,1.5,2
0,qid:1838,0,0,1,0,0,3,0,0,0,1,5,11,1,4,2,2.3,3
1,qid:1839,0,0,0,0,0,3,0,0,1,0,4,10,2,4,1,2,3
0,qid:1839,0,0,0,0,1,2,0,0,1,1,3,10,2,5,1,2.2,3
0,qid:1840,0,1,0,1,1,4,0,0,0,1,3,12,1,6,3,1.5,2
1,qid:1840,0,0,0,0,0,2,0,0,0,0,3,6,1,2,1,1,1
1,qid:1841,1,0,0,0,0,1,0,0,0,0,5,11,3,5,1,2.4,3
0,qid:1841,0,0,0,0,1,1,0,1,0,0,3,10,4,5,1,1.8,2
0,qid:1842,0,1,0,1,0,2,0,0,0,0,5,12,3,5,1,1.8,2
1,qid:1842,0,0,0,0,0,2,0,0,1,0,3,9,3,4,0,1.5,2
1,qid:1843,0,0,0,1,1,1,0,0,1,0,3,8,1,3,1,1.7,2
0,qid:1843,0,1,0,0,0,1,0,0,0,0,4,8,2,3,1,1.7,2
1,qid:1844,0,0,0,0,1,2,0,0,0,0,2,7,2,4,0,1.3,2
0,qid:1844,0,0,1,0,1,3,0,0,0,0,3,9,1,3,1,1.3,2
1,qid:1845,0,0,0,0,2,4,0,0,0,0,4,11,0,4,2,1.8,3
0,qid:1845,2,0,2,3,1,2,0,0,0,0,6,17,1,7,2,3.1,5
0,qid:1846,0,0,0,0,3,4,0,0,0,1,4,13,1,6,2,2.3,3
1,qid:1846,0,0,1,0,1,2,0,0,0,1,4,10,1,4,1,2,2
0,qid:1847,1,2,0,1,0,0,0,0,0,2,2,8,0,3,2,1.3,2
1,qid:1847,0,0,0,2,1,2,0,0,0,2,3,12,2,4,1,1.3,2
1,qid:1848,1,0,0,0,1,2,0,0,0,0,3,8,1,3,1,1.7,2
0,qid:1848,0,0,1,0,2,5,0,0,0,2,4,14,0,5,3,1.4,2
1,qid:1849,0,0,0,0,1,2,0,0,0,0,2,6,1,2,0,1.5,2
0,qid:1849,0,0,0,1,1,1,0,0,0,0,4,8,1,3,1,2,3
1,qid:1850,1,0,0,0,1,2,0,0,0,1,3,9,1,3,1,1.3,2
0,qid:1850,0,0,2,0,2,2,0,0,1,1,6,17,3,7,2,1.7,3
1,qid:1851,1,0,0,0,0,0,0,0,0,0,3,6,2,2,1,1.5,2
0,qid:1851,0,1,1,0,1,4,0,0,1,0,7,15,0,5,3,1.4,2
1,qid:1852,0,0,0,0,0,3,0,0,0,0,4,9,1,3,1,1.3,2
0,qid:1852,0,0,0,0,0,3,0,0,1,0,4,10,2,4,2,2,3
1,qid:1853,0,0,1,1,2,2,0,0,0,0,5,14,3,7,2,2.1,4
0,qid:1853,0,1,0,1,1,5,0,0,0,1,9,18,0,6,3,2,3
1,qid:1854,0,0,0,0,0,3,0,0,0,0,3,10,0,2,1,1.5,2
0,qid:1854,0,0,0,0,0,4,0,0,0,0,3,8,1,3,1,2,3
0,qid:1855,0,0,1,0,2,5,0,0,0,1,4,14,1,7,1,2.6,5
1,qid:1855,0,0,0,1,1,1,0,0,0,0,2,6,1,2,2,1,1
1,qid:1856,0,0,0,0,2,2,0,0,0,0,5,9,0,3,1,1.7,2
0,qid:1856,0,0,0,2,0,3,0,1,0,0,3,10,1,5,1,1.8,3
1,qid:1857,0,0,0,0,1,2,0,0,0,0,3,7,1,3,1,1.3,2
0,qid:1857,1,0,0,0,0,2,0,0,0,0,3,7,1,3,1,2,3
1,qid:1858,0,0,0,0,0,1,0,0,0,0,2,5,2,2,1,1,1
0,qid:1858,0,0,0,0,0,5,0,0,0,0,2,8,1,4,2,2,3
1,qid:1859,0,0,0,0,1,1,0,0,0,0,4,7,1,2,2,1,1
0,qid:1859,0,0,0,0,2,1,0,0,0,1,0,5,1,2,2,1,1
1,qid:1860,0,0,0,0,0,3,0,0,1,0,1,6,1,3,1,1.7,2
0,qid:1860,0,0,1,0,1,2,0,0,0,0,5,10,1,4,2,1.3,2
1,qid:1861,0,0,0,0,2,2,0,0,0,0,6,11,1,4,1,2,2
0,qid:1861,0,0,1,0,1,6,0,0,1,0,7,19,0,7,2,2.3,4
0,qid:1862,0,0,0,1,1,3,0,0,0,0,5,13,1,4,1,2,3
1,qid:1862,0,0,0,0,1,1,0,0,0,1,2,7,1,3,0,1.7,2
1,qid:1863,0,0,0,0,0,2,0,0,0,0,3,10,3,3,0,1,1
0,qid:1863,0,0,0,0,0,6,0,0,0,0,9,17,2,6,2,1.7,2
1,qid:1864,0,0,0,0,1,1,0,0,0,0,2,5,1,1,1,1,1
0,qid:1864,2,1,0,0,0,2,0,0,0,0,4,9,0,3,1,2,3
0,qid:1865,1,0,0,0,2,2,0,1,0,1,3,10,0,4,2,1.3,2
1,qid:1865,0,0,0,0,0,3,0,0,2,0,5,13,3,5,2,1.4,2
0,qid:1866,0,0,0,0,2,4,0,0,0,1,7,15,1,6,2,1.8,3
1,qid:1866,0,0,0,0,2,1,0,0,0,1,3,8,1,3,1,1.3,2
1,qid:1867,0,0,0,0,1,3,0,0,0,0,4,9,1,4,1,2.5,4
0,qid:1867,0,0,1,1,1,5,0,0,0,3,11,24,2,8,4,1.9,4
0,qid:1868,1,0,0,0,3,2,0,0,0,3,6,17,2,6,2,1.7,3
1,qid:1868,1,0,0,1,1,3,0,0,0,0,4,10,0,5,1,1.4,2
1,qid:1869,0,0,0,1,0,3,0,0,0,0,4,10,2,5,1,2.6,4
0,qid:1869,0,1,0,0,1,1,0,0,0,1,3,11,4,6,1,2.3,3
1,qid:1870,0,0,0,0,0,4,0,0,1,0,5,12,2,5,2,1.6,2
0,qid:1870,1,0,0,0,1,3,0,0,0,0,4,10,1,5,1,1.2,2
1,qid:1871,0,0,0,0,1,1,0,0,0,1,2,6,1,2,1,1,1
0,qid:1871,1,0,0,0,0,1,0,0,0,1,2,6,1,3,1,1.3,2
0,qid:1872,0,1,3,0,1,1,0,0,0,0,6,12,0,4,4,1.5,2
1,qid:1872,0,0,0,1,0,3,0,0,0,2,3,10,0,5,1,2,3
0,qid:1873,0,0,0,0,0,3,0,1,0,0,5,11,2,4,2,1.8,3
1,qid:1873,0,0,0,0,0,2,0,0,1,1,2,9,3,3,2,1.3,2
1,qid:1874,0,0,0,0,1,3,0,0,0,0,4,10,1,3,1,2,3
0,qid:1874,0,0,0,1,0,2,0,0,1,0,4,10,2,4,1,1.3,2
0,qid:1875,2,0,0,2,4,4,0,1,2,0,10,28,3,12,3,1.9,3
1,qid:1875,0,0,0,0,0,3,0,0,0,0,2,7,2,4,2,1.5,2
1,qid:1876,0,0,0,1,1,2,0,0,0,0,1,6,1,2,2,1.5,2
0,qid:1876,0,0,0,0,3,1,0,0,0,0,5,9,0,3,1,2,3
1,qid:1877,0,0,1,0,1,2,0,1,0,0,4,10,1,5,1,2.2,3
0,qid:1877,0,1,0,0,1,5,0,0,0,0,5,14,2,7,2,2.4,3
1,qid:1878,0,0,0,0,2,1,0,0,0,0,6,10,0,2,1,1.5,2
0,qid:1878,0,1,0,0,1,4,0,0,1,0,5,13,1,6,2,2,3
0,qid:1879,0,0,0,1,1,5,0,1,0,1,5,15,1,5,2,1.6,2
1,qid:1879,0,0,0,1,2,2,0,0,0,0,4,10,1,4,1,1.8,3
0,qid:1880,0,0,0,0,1,2,0,0,0,1,3,8,1,3,1,1.3,2
1,qid:1880,0,0,0,0,0,2,0,0,0,0,3,7,2,3,1,2,3
1,qid:1881,1,0,0,0,0,3,0,0,0,0,2,7,1,3,0,1.7,2
0,qid:1881,1,0,1,0,2,1,0,0,0,0,2,7,0,3,0,1.3,2
1,qid:1882,1,0,0,0,0,2,0,0,0,0,4,9,2,3,1,1.3,2
0,qid:1882,0,0,0,0,1,3,0,1,0,0,3,9,1,5,0,2,3
0,qid:1883,0,1,0,0,0,3,0,0,0,0,5,10,1,4,1,1.8,2
1,qid:1883,0,0,0,2,0,1,0,0,0,1,2,7,1,3,1,1,1
1,qid:1884,0,0,0,0,0,3,0,0,0,1,3,10,0,3,1,2,3
0,qid:1884,0,1,0,0,0,2,0,0,0,1,3,8,1,3,1,1.7,2
1,qid:1885,0,0,1,0,1,1,0,0,0,0,6,10,1,3,2,1.7,2
0,qid:1885,0,0,3,3,2,4,0,0,0,2,9,26,3,10,2,2.4,4
0,qid:1886,0,0,0,1,0,1,0,0,0,2,1,6,1,2,1,1.5,2
1,qid:1886,0,0,0,0,0,1,0,0,1,0,2,5,1,2,0,1.5,2
0,qid:1887,0,0,0,2,3,5,0,0,1,1,6,19,1,8,1,3.1,4
1,qid:1887,0,0,0,1,0,0,0,0,0,1,2,6,2,3,1,1.7,2
0,qid:1888,0,0,0,1,2,1,0,0,0,0,6,12,2,5,2,2,3
1,qid:1888,0,0,0,0,0,3,0,0,0,0,2,6,1,3,0,1.3,2
0,qid:1889,0,0,0,0,0,4,0,0,0,0,3,8,1,4,1,2,2
1,qid:1889,0,0,0,0,1,3,0,0,0,0,4,9,1,4,1,2.3,3
1,qid:1890,0,0,0,1,0,0,0,0,0,1,1,4,1,1,1,1,1
0,qid:1890,0,0,0,0,1,3,0,0,0,0,5,10,1,4,2,1.3,2
0,qid:1891,4,0,0,1,1,0,0,0,0,1,4,12,1,4,2,1.5,2
1,qid:1891,0,0,1,0,0,0,0,0,0,0,4,7,2,2,1,1.5,2
1,qid:1892,0,0,0,0,0,1,0,0,0,1,3,6,1,3,1,1,1
0,qid:1892,1,0,1,3,1,3,0,0,0,1,7,18,1,9,3,1.2,2
0,qid:1893,0,0,1,0,1,3,0,0,0,0,5,11,1,5,1,1.4,2
1,qid:1893,0,0,0,1,0,2,0,0,0,0,3,7,1,2,1,1.5,2
0,qid:1894,2,0,0,0,1,0,0,1,0,0,2,7,1,2,0,1.5,2
1,qid:1894,0,0,0,0,0,0,0,0,0,0,2,5,3,1,0,1,1
0,qid:1895,2,0,0,0,1,3,0,0,0,0,7,14,1,5,1,1.8,3
1,qid:1895,0,1,0,0,0,3,0,0,0,1,4,9,0,3,1,2,3
1,qid:1896,0,1,0,0,0,1,0,0,0,0,4,8,1,3,0,1.7,2
0,qid:1896,1,0,0,0,0,4,0,0,0,1,5,13,1,6,1,2,3
1,qid:1897,0,0,0,0,1,2,0,0,0,0,4,8,1,2,1,1.5,2
0,qid:1897,1,0,0,0,1,1,0,0,0,0,3,8,2,3,0,1,1
1,qid:1898,0,0,0,0,0,2,0,0,0,1,6,14,4,5,2,2.2,3
0,qid:1898,0,1,0,0,1,1,0,0,0,1,3,10,3,3,1,1.3,2
0,qid:1899,0,0,0,0,1,1,0,0,0,0,3,7,1,3,1,1.3,2
1,qid:1899,0,0,0,1,2,4,0,0,0,1,7,15,0,5,2,2,3
0,qid:1900,0,1,0,0,0,1,0,0,0,1,3,7,0,2,1,1.5,2
1,qid:1900,0,0,0,0,0,2,0,1,0,0,1,5,1,2,0,1,1
1,qid:1901,0,0,0,0,1,3,0,0,0,0,3,9,2,4,1,1.5,2
0,qid:1901,0,1,0,1,0,3,0,0,1,2,3,12,1,7,1,2,2
0,qid:1902,0,0,0,0,1,2,0,0,0,0,5,12,2,6,0,1.8,3
1,qid:1902,0,1,0,0,0,1,0,0,0,0,3,6,1,2,1,1.5,2
1,qid:1903,1,0,0,3,0,2,0,0,0,1,2,10,1,3,1,1.7,2
0,qid:1903,4,0,0,0,1,4,0,0,0,0,4,14,1,7,1,1.6,3
0,qid:1904,0,0,0,1,1,2,0,1,0,0,5,12,2,6,3,1.3,2
1,qid:1904,1,0,0,0,0,2,0,0,0,1,2,7,1,2,1,1.5,2
0,qid:1905,1,0,0,0,0,1,0,0,0,1,4,8,1,3,1,1.3,2
1,qid:1905,0,0,0,0,1,3,1,0,0,0,3,9,1,4,2,2,2
1,qid:1906,0,0,0,0,0,1,0,0,0,1,3,6,1,1,1,1,1
0,qid:1906,1,0,0,0,0,0,0,1,1,0,5,12,4,5,1,1.8,2
1,qid:1907,0,0,1,0,0,2,0,0,0,0,2,6,1,2,1,1.5,2
0,qid:1907,0,0,0,0,2,2,0,0,0,0,7,15,4,4,2,1.8,3
0,qid:1908,0,2,0,0,0,2,0,0,0,0,2,6,0,3,0,1.3,2
1,qid:1908,0,0,0,0,1,1,0,0,0,0,5,10,3,4,2,1.8,3
0,qid:1909,0,1,0,1,2,3,0,0,0,1,8,18,2,8,3,1.9,3
1,qid:1909,0,0,0,1,1,1,0,0,0,1,3,8,1,3,1,1.7,2
0,qid:1910,0,0,0,0,0,6,0,0,0,0,7,14,1,6,2,1.7,3
1,qid:1910,0,0,0,0,1,2,0,0,0,0,4,8,1,3,1,1.7,2
0,qid:1911,0,0,0,0,2,2,0,0,0,0,5,11,2,5,1,2,3
1,qid:1911,0,0,0,1,0,1,0,0,0,1,2,6,1,2,1,1,1
0,qid:1912,0,0,0,0,2,1,0,0,0,0,4,8,1,3,1,1.3,2
1,qid:1912,0,0,0,0,2,1,0,0,0,0,2,6,1,2,0,1,1
0,qid:1913,0,0,0,0,0,1,0,0,0,0,3,8,4,2,1,1.5,2
1,qid:1913,0,0,0,1,1,1,0,0,0,0,3,7,1,3,1,1.3,2
0,qid:1914,1,0,0,0,0,2,0,0,1,0,4,11,3,4,1,2.3,3
1,qid:1914,1,0,0,1,0,5,0,0,0,0,7,19,1,7,3,2,4
1,qid:1915,0,0,0,0,0,1,0,0,0,0,2,6,0,1,0,1,1
0,qid:1915,1,0,1,0,0,2,0,0,0,0,4,9,1,3,2,2,3
1,qid:1916,0,0,0,2,3,4,0,0,0,0,7,17,1,8,3,2.4,3
0,qid:1916,0,0,0,0,3,5,0,0,0,2,8,20,2,7,4,1.6,2
0,qid:1917,0,0,0,0,3,0,0,0,0,0,4,9,2,4,2,1,1
1,qid:1917,0,0,0,0,1,5,0,0,0,0,5,12,1,6,1,1.8,2
0,qid:1918,0,2,0,0,2,1,0,0,0,0,4,10,1,5,2,2.4,3
1,qid:1918,0,0,0,1,0,3,0,0,0,0,4,9,1,4,1,2,3
1,qid:1919,0,0,1,1,0,2,0,0,0,0,4,10,2,4,1,2,3
0,qid:1919,0,1,0,1,2,1,0,0,0,0,2,7,0,3,1,1.3,2
1,qid:1920,0,0,0,1,2,6,0,0,0,1,5,15,0,7,0,2,3
0,qid:1920,0,0,0,1,1,1,0,0,0,0,2,6,1,3,1,1.7,2
1,qid:1921,0,0,0,0,0,1,0,1,0,0,2,7,3,2,0,1,1
0,qid:1921,0,0,0,0,1,2,0,0,0,0,2,6,1,2,1,1,1
1,qid:1922,0,0,0,2,2,2,0,0,0,0,6,13,1,6,1,2.3,3
0,qid:1922,0,0,0,1,0,1,0,0,0,1,4,9,2,3,0,1.3,2
0,qid:1923,0,0,1,0,0,3,0,0,0,2,4,12,2,5,2,2,3
1,qid:1923,0,0,0,0,1,5,0,0,0,0,7,14,1,5,2,1.6,3
0,qid:1924,0,0,0,0,0,2,0,0,0,1,4,10,3,4,2,1.8,2
1,qid:1924,1,0,0,1,1,1,0,0,0,1,5,10,0,3,2,1.3,2
1,qid:1925,0,0,0,0,1,4,0,0,0,1,4,11,1,4,1,2,3
0,qid:1925,0,0,1,0,0,0,0,0,0,2,4,9,2,2,1,1,1
1,qid:1926,0,0,0,0,2,3,0,0,0,1,4,11,1,5,2,2.2,2
0,qid:1926,0,1,0,0,0,2,0,0,0,0,4,8,1,3,0,1.3,2
0,qid:1927,0,1,0,0,0,3,0,0,0,1,4,10,1,5,1,2,3
1,qid:1927,0,0,0,1,1,4,0,0,0,1,3,11,1,6,2,1.5,2
1,qid:1928,0,0,0,0,1,1,0,0,0,0,2,5,1,2,1,1.5,2
0,qid:1928,0,0,1,1,0,4,0,0,0,0,6,13,1,5,1,2,3
1,qid:1929,0,0,0,1,0,2,0,0,0,0,2,7,2,1,0,1,1
0,qid:1929,0,0,0,0,0,2,0,1,1,1,2,10,3,5,1,1.4,2
1,qid:1930,0,0,0,0,1,0,0,0,0,1,3,8,3,5,1,1.2,2
0,qid:1930,1,0,0,0,3,3,0,0,1,1,6,16,0,7,2,1.6,2
0,qid:1931,0,0,0,1,0,3,0,0,0,0,7,13,2,5,2,1.8,3
1,qid:1931,0,0,0,0,1,4,0,0,0,0,5,14,4,4,3,2,3
0,qid:1932,1,0,0,0,1,1,0,1,0,1,4,11,2,3,2,1,1
1,qid:1932,0,0,0,0,0,4,0,0,0,0,4,10,2,5,1,2.4,4
0,qid:1933,0,0,2,0,1,0,0,0,0,0,2,11,4,2,1,1.5,2
1,qid:1933,0,0,0,0,0,2,0,0,0,0,3,8,3,2,1,1.5,2
0,qid:1934,2,0,0,3,0,2,0,0,0,0,5,16,2,5,1,1.2,2
1,qid:1934,0,0,1,0,1,0,0,0,0,1,4,10,2,3,1,1.3,2
1,qid:1935,0,0,0,1,0,2,0,0,0,0,4,8,1,3,1,1.7,2
0,qid:1935,0,0,0,0,1,6,0,0,0,1,7,16,0,7,2,2,2
0,qid:1936,0,2,0,0,0,2,0,0,0,1,3,9,1,4,1,2,2
1,qid:1936,0,0,0,0,0,2,0,1,0,0,3,8,2,3,1,1.7,2
0,qid:1937,0,0,3,0,0,3,0,1,1,2,4,21,7,9,1,2.8,5
1,qid:1937,0,0,0,0,1,2,0,0,1,0,2,7,0,3,1,1.3,2
1,qid:1938,0,0,0,0,0,2,0,0,0,1,4,8,1,2,1,1.5,2
0,qid:1938,0,0,0,0,1,2,0,0,0,1,2,7,1,3,1,1.3,2
1,qid:1939,0,0,0,0,1,2,0,0,0,0,4,8,1,3,1,1.7,2
0,qid:1939,1,0,0,1,0,1,0,0,0,0,3,7,1,3,1,2,3
0,qid:1940,0,0,1,0,1,3,0,0,1,0,2,8,0,3,0,2,3
1,qid:1940,0,0,0,0,1,4,0,0,0,0,5,11,1,5,2,2,2
0,qid:1941,0,0,0,1,1,3,0,0,0,1,5,14,3,3,1,1.7,2
1,qid:1941,0,0,0,0,1,3,0,0,0,1,3,10,2,5,2,1.2,2
1,qid:1942,0,0,0,0,1,2,0,0,0,0,3,7,1,3,0,1.3,2
0,qid:1942,0,0,0,0,0,3,0,0,1,0,5,10,1,4,2,1.3,2
0,qid:1943,1,1,0,1,2,2,0,0,0,0,5,12,0,4,5,1.8,2
1,qid:1943,0,0,0,0,3,3,0,0,0,0,6,13,1,6,2,2.3,4
1,qid:1944,0,0,0,1,1,1,0,0,0,0,4,8,1,3,0,1.3,2
0,qid:1944,0,0,0,0,0,1,0,0,0,0,5,10,4,3,1,1.7,2
0,qid:1945,0,0,0,0,2,2,0,0,1,0,3,9,1,3,1,2,3
1,qid:1945,0,0,0,0,1,3,0,0,0,0,4,9,1,3,2,1.7,2
1,qid:1946,0,0,0,0,2,1,0,0,0,0,3,7,1,3,1,1,1
0,qid:1946,3,0,0,2,0,1,0,0,0,1,7,15,0,5,2,1.2,2
1,qid:1947,0,0,0,0,0,3,0,0,0,0,4,8,1,3,1,2,3
0,qid:1947,0,0,0,1,0,1,0,0,0,0,3,8,3,3,1,1,1
0,qid:1948,0,0,0,2,0,4,0,0,0,1,5,12,0,4,1,2,3
1,qid:1948,0,0,0,1,0,2,0,0,0,0,4,8,1,3,1,1.7,2
0,qid:1949,0,0,0,1,3,4,0,0,0,1,2,11,0,6,2,2,4
1,qid:1949,0,0,0,0,2,1,0,0,0,0,4,9,2,3,1,1.7,2
0,qid:1950,0,0,0,0,0,3,0,0,0,1,3,9,2,3,1,1.7,2
1,qid:1950,0,0,0,0,1,2,0,0,0,0,5,9,1,2,1,1.5,2
0,qid:1951,0,1,0,0,3,2,0,0,0,0,7,13,0,5,2,2,3
1,qid:1951,0,0,0,0,0,1,0,0,0,0,2,6,3,2,0,1,1
0,qid:1952,0,1,0,0,1,1,0,1,0,0,4,9,1,3,1,1.3,2
1,qid:1952,0,0,1,1,0,2,0,0,0,0,5,11,1,4,2,1.8,3
1,qid:1953,0,0,0,0,0,4,0,0,0,0,4,11,1,4,1,1.5,2
0,qid:1953,0,1,0,0,0,1,0,0,0,0,3,6,1,2,1,1,1
1,qid:1954,0,0,0,0,0,2,0,0,0,0,3,7,2,2,1,1.5,2
0,qid:1954,0,0,0,0,2,2,0,0,0,0,6,12,2,4,1,1.5,2
0,qid:1955,0,0,0,0,1,2,0,1,0,0,4,12,4,5,1,2.4,3
1,qid:1955,0,0,0,0,0,1,0,0,0,0,3,6,1,2,0,1.5,2
1,qid:1956,0,0,0,2,1,3,0,0,0,0,5,12,1,6,2,1.5,3
0,qid:1956,3,0,0,0,2,1,0,0,0,0,6,14,2,5,3,2.2,3
0,qid:1957,3,0,1,0,1,3,0,0,0,2,5,16,1,5,3,1.2,2
1,qid:1957,1,0,0,0,1,2,0,0,0,0,3,8,1,2,1,1.5,2
1,qid:1958,0,0,0,0,0,4,0,0,0,0,3,8,1,3,1,1.7,2
0,qid:1958,2,0,0,0,1,5,0,0,1,0,3,13,0,5,2,1.6,3
1,qid:1959,0,0,1,0,0,3,0,0,0,0,3,8,1,3,2,2,3
0,qid:1959,1,0,0,0,4,4,0,0,0,1,8,22,4,10,2,2.2,3
0,qid:1960,0,1,0,0,1,4,0,0,0,2,5,14,1,6,2,2.3,4
1,qid:1960,0,0,0,0,0,2,0,0,0,0,2,5,1,1,1,1,1
1,qid:1961,0,0,0,1,0,1,0,0,0,0,4,8,2,3,1,1.7,2
0,qid:1961,0,0,0,0,1,2,0,0,0,0,5,10,1,3,1,1.7,2
0,qid:1962,1,0,2,0,0,1,0,0,0,0,2,7,1,3,0,1.3,2
1,qid:1962,0,0,0,0,1,1,0,0,0,0,3,7,2,3,1,1.3,2
1,qid:1963,0,0,0,0,1,3,0,0,0,1,5,11,1,4,1,1.8,2
0,qid:1963,1,0,0,1,0,2,1,0,0,0,1,6,0,2,2,1,1
1,qid:1964,0,0,0,0,0,3,0,0,0,1,2,11,0,4,1,1.3,2
0,qid:1964,1,0,1,1,1,2,0,0,0,0,5,14,3,6,2,1.8,2
1,qid:1965,1,0,0,0,3,3,0,0,0,0,4,12,1,5,3,1.4,2
0,qid:1965,0,1,1,0,0,3,0,0,1,1,3,11,1,5,2,2,2
1,qid:1966,0,0,0,0,2,4,0,0,1,1,4,14,0,5,2,1.8,3
0,qid:1966,0,1,0,1,2,1,0,0,0,0,5,10,0,3,2,1.7,2
0,qid:1967,0,1,0,0,0,3,0,0,0,0,3,8,1,4,2,1.8,2
1,qid:1967,0,0,0,0,0,5,0,0,0,0,3,9,1,3,2,1.3,2
0,qid:1968,0,0,0,0,1,1,0,0,0,1,3,8,0,3,1,2,3
1,qid:1968,0,0,0,0,2,2,0,0,0,0,2,7,1,4,1,1.3,2
0,qid:1969,1,0,0,0,0,5,0,0,0,0,2,9,1,4,1,1.5,2
1,qid:1969,0,0,0,0,0,1,0,0,0,1,3,9,2,4,0,1.5,2
1,qid:1970,0,0,0,0,0,1,0,0,0,0,2,5,1,2,0,1.5,2
0,qid:1970,1,0,1,0,0,1,0,0,0,0,4,9,2,3,1,2,3
1,qid:1971,0,0,0,1,0,2,0,0,0,0,2,6,1,2,1,1.5,2
0,qid:1971,0,0,0,1,0,3,0,0,0,0,4,10,2,4,2,1.8,2
0,qid:1972,0,0,0,0,1,3,0,0,0,0,4,10,2,4,1,2.5,4
1,qid:1972,0,0,0,0,1,3,0,0,0,0,4,10,2,5,1,2.6,3
0,qid:1973,0,1,0,0,0,1,0,0,0,0,4,8,2,3,1,1.7,2
1,qid:1973,0,0,1,0,0,2,0,0,0,0,4,8,1,3,0,2,3
0,qid:1974,0,1,0,0,2,2,0,0,0,1,5,12,0,5,2,1.8,2
1,qid:1974,1,0,0,0,1,3,0,0,1,0,3,10,1,4,0,1.5,2
0,qid:1975,0,0,0,0,0,6,0,1,1,1,6,15,0,8,3,1.9,3
1,qid:1975,0,0,0,2,1,1,0,0,0,0,6,11,1,4,2,1.8,3
1,qid:1976,0,0,0,0,0,2,0,0,0,0,4,7,1,2,0,1,1
0,qid:1976,1,0,0,1,1,6,0,0,0,1,4,15,1,8,3,1.6,3
0,qid:1977,0,0,0,0,0,2,0,1,0,0,3,9,3,4,1,1.8,2
1,qid:1977,0,0,0,0,0,4,0,0,0,0,5,10,1,3,1,1.3,2
1,qid:1978,0,0,0,0,1,3,0,0,1,0,5,12,2,5,0,1.6,2
0,qid:1978,0,0,2,0,1,2,0,0,0,1,4,11,1,4,1,2.3,3
1,qid:1979,2,0,0,0,0,3,1,0,0,0,3,9,0,4,1,1.5,2
0,qid:1979,0,0,1,2,0,5,0,0,0,0,6,15,1,7,2,2.9,5
1,qid:1980,0,0,0,0,0,3,0,0,0,0,4,10,1,3,1,2,3
0,qid:1980,1,0,0,0,2,4,0,0,0,0,7,15,1,7,1,1.7,2
0,qid:1981,0,0,1,0,0,2,0,1,0,0,3,8,1,4,0,1.8,3
1,qid:1981,0,0,0,1,1,1,0,0,0,0,3,6,0,1,0,1,1
0,qid:1982,1,0,2,1,3,3,0,0,0,0,12,26,4,12,3,2,4
1,qid:1982,0,0,1,0,1,0,0,0,0,0,3,6,1,2,1,1,1
1,qid:1983,0,0,0,1,0,1,0,0,0,0,3,6,1,2,0,1.5,2
0,qid:1983,0,1,0,0,0,1,0,0,0,0,1,4,1,2,0,1,1
1,qid:1984,0,0,0,0,0,2,0,0,0,2,1,6,1,2,0,1.5,2
0,qid:1984,0,0,0,0,1,3,0,0,1,0,3,9,1,4,1,1.3,2
1,qid:1985,0,0,0,0,0,2,0,0,0,0,3,6,1,2,1,1.5,2
0,qid:1985,0,0,0,1,0,4,0,0,0,0,4,10,1,4,1,2,3
1,qid:1986,0,0,0,0,1,0,0,0,1,1,1,4,0,2,1,1,1
0,qid:1986,0,0,0,2,1,1,0,0,0,1,5,11,1,4,1,2,3
1,qid:1987,0,0,1,0,1,1,0,0,0,0,5,9,1,3,1,1.7,2
0,qid:1987,0,0,0,1,3,2,0,0,0,1,6,13,0,5,2,1,1
0,qid:1988,0,0,0,0,5,2,1,0,0,1,9,20,2,8,4,1.5,3
1,qid:1988,0,0,0,0,1,1,0,0,0,0,3,7,2,2,1,1.5,2
1,qid:1989,0,0,0,0,0,1,0,0,0,0,3,5,1,1,0,1,1
0,qid:1989,0,0,0,1,1,3,0,0,1,2,2,10,0,2,2,1.5,2
0,qid:1990,0,0,0,0,2,4,0,0,0,1,6,15,2,7,2,2.3,4
1,qid:1990,0,0,0,1,0,0,0,0,0,1,4,9,3,2,1,1.5,2
0,qid:1991,0,0,0,0,0,4,0,0,0,0,5,11,1,5,1,2.2,3
1,qid:1991,0,0,0,0,0,0,0,0,0,0,5,10,4,3,1,1.7,2
1,qid:1992,0,0,1,0,0,2,0,0,0,0,6,10,1,3,1,2,3
0,qid:1992,2,0,0,0,0,3,0,0,0,1,3,11,2,2,1,1.5,2
1,qid:1993,0,0,0,2,0,1,0,0,0,0,4,8,1,3,1,1.7,2
0,qid:1993,0,0,0,0,1,2,0,0,0,0,4,9,2,2,1,1.5,2
0,qid:1994,0,0,0,0,1,0,0,0,1,0,6,14,5,5,1,2.4,4
1,qid:1994,0,0,0,2,1,2,0,0,0,0,7,13,1,5,2,2.2,2
1,qid:1995,0,0,0,0,0,2,0,0,0,0,2,5,1,2,1,1.5,2
0,qid:1995,0,0,0,0,1,4,0,0,0,0,5,12,2,6,1,2,3
1,qid:1996,0,0,0,0,0,3,0,0,0,2,1,7,1,3,1,1.3,2
0,qid:1996,0,0,0,0,0,6,0,0,0,0,5,12,1,6,2,1.8,2
1,qid:1997,0,0,0,0,1,1,1,0,0,0,3,7,1,2,1,1.5,2
0,qid:1997,1,0,0,0,0,1,0,0,0,1,2,6,1,2,0,1.5,2
0,qid:1998,0,0,0,0,2,4,0,0,0,2,4,13,1,5,2,1.6,2
1,qid:1998,0,0,0,1,0,2,0,0,0,0,2,7,2,2,0,1,1
0,qid:1999,1,0,0,2,1,2,0,0,0,1,6,13,0,5,1,2.2,2
1,qid:1999,1,0,1,0,0,2,0,0,0,0,4,9,1,3,0,2,3
1,qid:2000,0,0,0,0,1,1,0,0,0,0,4,8,2,3,1,1.3,2
0,qid:2000,0,0,0,0,2,4,0,0,0,0,5,12,1,5,2,2,3